timestamp,total_active_power_W,total_apparent_power_VA,total_reactive_power_VAR,voltage_L1_V,voltage_L2_V,voltage_L3_V,current_L1_A,current_L2_A,current_L3_A,frequency_Hz,power_factor,appliance_kettle_W,appliance_fridge_W,appliance_laptop_W,H2_current_L1_pct,H3_current_L1_pct,H4_current_L1_pct,H5_current_L1_pct,H6_current_L1_pct,H7_current_L1_pct,H8_current_L1_pct,H9_current_L1_pct,H10_current_L1_pct,H11_current_L1_pct,H12_current_L1_pct,H13_current_L1_pct,H14_current_L1_pct,H15_current_L1_pct,H16_current_L1_pct,H17_current_L1_pct,H18_current_L1_pct,H19_current_L1_pct,H20_current_L1_pct,H21_current_L1_pct,H22_current_L1_pct,H23_current_L1_pct,H24_current_L1_pct,H25_current_L1_pct,H26_current_L1_pct,H27_current_L1_pct,H28_current_L1_pct,H29_current_L1_pct,H30_current_L1_pct,H31_current_L1_pct
2026-05-13T18:00:51.276490,83.6900,92.0067,37.4967,228.9767,229.3467,228.9600,0.3640,0.3567,0.3673,50.0057,0.9097,0.8933,80.1633,0.1933,0.4773,1.3210,0.0430,4.3557,0.0217,2.6750,0.0330,0.0373,0.0247,0.9923,0.0077,0.7273,0.0000,0.0167,0.0337,0.0287,0.0107,0.0310,0.0063,0.0173,0.0213,0.0220,0.0070,0.0420,0.0140,0.0250,0.0643,0.0170,0.0177,0.0277
2026-05-13T18:00:52.292386,102.0700,110.9275,42.7050,228.8450,229.1350,229.0625,0.4440,0.4350,0.4480,50.0005,0.9167,0.9150,97.6850,0.3850,0.6310,1.5993,0.0323,5.2560,0.0230,3.2712,0.0248,0.0387,0.0185,1.2180,0.0107,0.8932,0.0000,0.0125,0.0390,0.0215,0.0080,0.0232,0.0047,0.0130,0.0160,0.0300,0.0243,0.0735,0.0245,0.0187,0.0483,0.0367,0.0278,0.0220
2026-05-13T18:00:53.293757,99.1160,107.7960,41.7900,228.9680,229.0780,229.0240,0.4312,0.4224,0.4350,50.0006,0.9166,0.7320,94.1980,0.4280,0.6414,1.5616,0.0376,5.0578,0.0184,3.1436,0.0198,0.0394,0.0148,1.1554,0.0138,0.9072,0.0000,0.0140,0.0476,0.0172,0.0064,0.0268,0.0056,0.0238,0.0342,0.0240,0.0244,0.0614,0.0254,0.0234,0.0386,0.0294,0.0300,0.0176
2026-05-13T18:00:54.305355,111.5600,120.0200,42.4840,228.9720,229.0020,230.1540,0.4852,0.4754,0.4898,50.0040,0.9218,0.6400,108.0240,0.6380,0.8180,1.7742,0.0376,5.7460,0.0216,3.6106,0.0194,0.0424,0.0148,1.3822,0.0138,1.0816,0.0000,0.0228,0.0292,0.0306,0.0160,0.0348,0.0198,0.0296,0.0342,0.0166,0.0220,0.0562,0.0254,0.0234,0.0252,0.0234,0.0300,0.0184
2026-05-13T18:00:55.305364,124.9000,132.1760,40.8120,229.7760,229.5000,230.0480,0.5432,0.5322,0.5484,49.9994,0.9378,0.7820,121.4280,0.7020,0.8690,1.9946,0.0314,6.4484,0.0302,4.0632,0.0042,0.0270,0.0248,1.5644,0.0238,1.2522,0.0010,0.0320,0.0384,0.0322,0.0096,0.0330,0.0252,0.0352,0.0298,0.0206,0.0220,0.0562,0.0254,0.0084,0.0196,0.0318,0.0300,0.0330
2026-05-13T18:00:56.307261,139.4080,147.8120,46.7780,229.7220,229.1000,229.6300,0.6062,0.5940,0.6122,49.9934,0.9423,0.5400,135.4660,0.6500,0.9608,2.2886,0.0118,7.2348,0.0172,4.5288,0.0074,0.0270,0.0256,1.7626,0.0334,1.3292,0.0010,0.0498,0.0430,0.0220,0.0096,0.0228,0.0252,0.0248,0.0214,0.0206,0.0392,0.0396,0.0268,0.0090,0.0064,0.0304,0.0220,0.0234
2026-05-13T18:00:57.319438,137.4380,145.6500,45.8760,230.2740,229.9260,229.5140,0.5976,0.5856,0.6036,49.9972,0.9426,0.4380,135.5940,0.4580,0.9444,2.3206,0.0118,7.2696,0.0186,4.5076,0.0074,0.0184,0.0256,1.7780,0.0294,1.3704,0.0010,0.0498,0.0320,0.0220,0.0170,0.0228,0.0252,0.0256,0.0214,0.0098,0.0240,0.0188,0.0156,0.0102,0.0096,0.0112,0.0274,0.0224
2026-05-13T18:00:58.332495,135.0880,143.2100,45.1560,230.3280,230.3420,229.7900,0.5872,0.5756,0.5934,49.9992,0.9413,0.8040,135.3100,0.3380,0.9078,2.2752,0.0000,7.2202,0.0186,4.4728,0.0074,0.0214,0.0256,1.7848,0.0242,1.3234,0.0016,0.0458,0.0252,0.0250,0.0220,0.0146,0.0234,0.0122,0.0152,0.0122,0.0202,0.0162,0.0098,0.0018,0.0174,0.0192,0.0242,0.0224
2026-05-13T18:00:59.333138,121.5960,129.3400,41.8840,230.6340,230.9040,230.0760,0.5286,0.5182,0.5340,49.9964,0.9423,0.6020,121.1580,0.1280,0.7798,2.0550,0.0000,6.4832,0.0296,3.9994,0.0074,0.0114,0.0404,1.5534,0.0242,1.1388,0.0132,0.0292,0.0326,0.0102,0.0124,0.0052,0.0144,0.0064,0.0208,0.0122,0.0184,0.0194,0.0148,0.0044,0.0130,0.0296,0.0242,0.0146
2026-05-13T18:01:00.336151,122.1640,133.2300,51.6000,230.5240,230.0660,230.2880,0.5312,0.5206,0.5364,49.9952,0.9234,0.4600,121.1820,0.0520,0.8642,2.0406,0.0000,6.4546,0.0210,3.9934,0.0132,0.0114,0.0246,1.5554,0.0096,1.1266,0.0196,0.0178,0.0234,0.0030,0.0124,0.0000,0.0086,0.0008,0.0226,0.0024,0.0184,0.0194,0.0148,0.0044,0.0134,0.0184,0.0340,0.0066
2026-05-13T18:01:01.350612,120.3440,129.5580,46.3240,230.3840,231.1460,230.6020,0.5234,0.5128,0.5284,49.9956,0.9331,0.4600,120.5420,0.0000,0.8832,1.9808,0.0030,6.3886,0.0272,3.9904,0.0058,0.0158,0.0148,1.5696,0.0000,1.1952,0.0328,0.0000,0.0232,0.0096,0.0208,0.0010,0.0148,0.0008,0.0236,0.0048,0.0012,0.0208,0.0076,0.0038,0.0134,0.0280,0.0314,0.0066
2026-05-13T18:01:02.362347,107.1920,116.2920,43.4120,229.9780,231.0600,230.9700,0.4662,0.4568,0.4706,49.9944,0.9255,0.3660,106.1440,0.0700,0.8170,1.6864,0.0038,5.5892,0.0204,3.4916,0.0058,0.0158,0.0148,1.3940,0.0032,1.0234,0.0328,0.0000,0.0232,0.0110,0.0166,0.0018,0.0148,0.0000,0.0236,0.0048,0.0012,0.0218,0.0140,0.0026,0.0182,0.0320,0.0166,0.0112
2026-05-13T18:01:03.369439,122.5060,134.5980,53.6480,230.5700,230.9880,231.0000,0.5328,0.5220,0.5378,49.9914,0.9178,0.0060,120.1600,0.0700,0.8756,1.9658,0.0038,6.3536,0.0204,4.0362,0.0058,0.0044,0.0230,1.5878,0.0198,1.1566,0.0362,0.0144,0.0136,0.0080,0.0116,0.0018,0.0148,0.0000,0.0084,0.0048,0.0064,0.0218,0.0140,0.0086,0.0104,0.0266,0.0120,0.0112
2026-05-13T18:01:04.376952,134.0380,149.3440,65.0320,230.5180,230.4300,230.4740,0.5830,0.5710,0.5886,49.9908,0.8989,0.0060,133.9820,0.3640,0.9096,2.2182,0.0038,7.0486,0.0062,4.5042,0.0058,0.0044,0.0206,1.7866,0.0198,1.3616,0.0380,0.0220,0.0062,0.0172,0.0116,0.0038,0.0096,0.0266,0.0066,0.0048,0.0206,0.0186,0.0098,0.0060,0.0088,0.0182,0.0120,0.0112
2026-05-13T18:01:05.391128,120.0300,132.1500,54.1580,230.2560,230.7900,230.8900,0.5220,0.5114,0.5272,49.9870,0.9128,0.0900,120.2680,0.3640,0.7688,1.9820,0.0038,6.3316,0.0062,4.0264,0.0000,0.0118,0.0206,1.6302,0.0198,1.2340,0.0328,0.0306,0.0140,0.0230,0.0116,0.0088,0.0062,0.0358,0.0150,0.0048,0.0398,0.0186,0.0216,0.0060,0.0096,0.0182,0.0132,0.0046
2026-05-13T18:01:06.396323,120.1780,134.2680,59.3080,230.6860,230.1920,230.3460,0.5226,0.5120,0.5278,49.9880,0.9014,0.0900,119.4260,0.5320,0.7350,1.9596,0.0050,6.3210,0.0132,3.9860,0.0000,0.0074,0.0208,1.6184,0.0274,1.1984,0.0292,0.0324,0.0088,0.0164,0.0130,0.0078,0.0048,0.0358,0.0140,0.0052,0.0398,0.0142,0.0198,0.0106,0.0190,0.0092,0.0132,0.0104
2026-05-13T18:01:07.405190,133.7040,147.5480,61.1800,231.0220,229.9140,230.4080,0.5814,0.5696,0.5872,49.9900,0.9113,0.2320,133.0240,0.4620,0.7702,2.2396,0.0144,7.0930,0.0248,4.4654,0.0184,0.0074,0.0208,1.7656,0.0242,1.3574,0.0292,0.0324,0.0088,0.0180,0.0098,0.0196,0.0048,0.0400,0.0152,0.0052,0.0422,0.0004,0.0134,0.0138,0.0110,0.0052,0.0110,0.0170
2026-05-13T18:01:08.420029,132.6960,145.3520,58.3740,230.5160,229.8180,230.0280,0.5770,0.5654,0.5828,49.9926,0.9169,0.2380,132.6220,0.6220,0.7856,2.2266,0.0144,7.0888,0.0248,4.4440,0.0226,0.0074,0.0264,1.7938,0.0150,1.3598,0.0252,0.0350,0.0088,0.0278,0.0264,0.0196,0.0048,0.0400,0.0152,0.0028,0.0462,0.0106,0.0206,0.0078,0.0110,0.0026,0.0142,0.0170
2026-05-13T18:01:09.434413,532.2060,591.1060,256.0920,230.2320,230.2420,230.3240,2.3140,2.2678,2.3370,49.9926,0.9182,397.5840,133.1320,0.4360,0.9390,2.3790,0.0552,7.2890,0.0248,4.5028,0.0226,0.0074,0.0140,1.7832,0.0150,1.3684,0.0232,0.0314,0.0228,0.0192,0.0328,0.0468,0.0142,0.0134,0.0398,0.0030,0.0320,0.0194,0.0292,0.0136,0.0106,0.0006,0.0270,0.0182
2026-05-13T18:01:10.449515,940.3540,1033.4600,426.8200,230.3640,230.5080,229.5620,4.0886,4.0068,4.1292,49.9990,0.9124,790.7560,147.4500,0.4360,1.1736,2.7932,0.1122,8.1156,0.0322,5.0042,0.0310,0.0094,0.0286,1.9550,0.0188,1.5126,0.0252,0.0314,0.0224,0.0134,0.0384,0.0418,0.0146,0.0042,0.0296,0.0178,0.0128,0.0194,0.0198,0.0136,0.0158,0.0100,0.0160,0.0182
2026-05-13T18:01:11.450842,926.2060,1016.4960,416.7060,230.2680,230.6660,229.4340,4.0270,3.9466,4.0672,50.0028,0.9250,790.7560,134.8240,0.2680,1.0782,2.5644,0.1148,7.3972,0.0190,4.5922,0.0326,0.0126,0.0284,1.8030,0.0112,1.4044,0.0278,0.0296,0.0214,0.0134,0.0286,0.0418,0.0098,0.0042,0.0330,0.0150,0.0128,0.0238,0.0190,0.0160,0.0224,0.0094,0.0160,0.0124
2026-05-13T18:01:12.456336,913.6680,1002.9900,411.4820,230.3800,230.8680,229.8580,3.9724,3.8932,4.0122,49.9944,0.9284,791.2420,121.8280,0.3280,0.9924,2.3356,0.1212,6.6332,0.0108,4.1722,0.0142,0.0282,0.0332,1.6552,0.0136,1.2500,0.0376,0.0450,0.0214,0.0122,0.0290,0.0306,0.0098,0.0128,0.0318,0.0150,0.0104,0.0238,0.0190,0.0204,0.0370,0.0094,0.0302,0.0072
2026-05-13T18:01:13.457142,898.6020,986.4120,404.5480,230.0860,231.0220,230.4160,3.9070,3.8290,3.9460,49.9914,0.9264,791.5100,108.1860,0.1680,0.9442,2.1192,0.1212,5.8806,0.0108,3.6526,0.0178,0.0282,0.0426,1.4744,0.0062,1.1430,0.0376,0.0362,0.0238,0.0024,0.0124,0.0470,0.0098,0.0224,0.0430,0.0162,0.0000,0.0136,0.0234,0.0410,0.0482,0.0220,0.0270,0.0104
2026-05-13T18:01:14.460713,487.0360,526.2400,198.5200,230.5760,231.2580,230.5340,2.1174,2.0754,2.1388,49.9866,0.9340,394.1640,94.8140,0.0600,0.7388,1.7764,0.0804,5.0366,0.0220,3.1170,0.0178,0.0282,0.0434,1.3148,0.0078,0.9844,0.0402,0.0364,0.0098,0.0212,0.0062,0.0178,0.0006,0.0224,0.0146,0.0334,0.0000,0.0110,0.0196,0.0492,0.0484,0.0220,0.0142,0.0200
2026-05-13T18:01:15.466404,78.8120,83.8440,27.8920,229.7660,231.2220,230.8200,0.3424,0.3360,0.3462,49.9898,0.9394,0.9960,80.5620,0.4940,0.5006,1.3588,0.0264,4.2130,0.0146,2.6684,0.0210,0.0188,0.0336,1.1486,0.0092,0.8148,0.0444,0.0402,0.0024,0.0330,0.0084,0.0282,0.0002,0.0224,0.0146,0.0214,0.0008,0.0324,0.0172,0.0492,0.0538,0.0126,0.0214,0.0200
2026-05-13T18:01:16.476093,94.5400,103.4580,40.6680,229.6860,230.9220,231.5820,0.4108,0.4030,0.4152,49.9884,0.9223,0.9960,95.4800,0.4940,0.6142,1.6696,0.0196,5.0262,0.0146,3.1628,0.0194,0.0240,0.0336,1.3376,0.0260,0.9902,0.0516,0.0402,0.0106,0.0378,0.0084,0.0282,0.0002,0.0240,0.0156,0.0338,0.0008,0.0424,0.0172,0.0502,0.0378,0.0126,0.0214,0.0200
2026-05-13T18:01:17.491090,109.8500,119.5200,45.5700,229.4400,230.4160,231.0000,0.4774,0.4682,0.4824,50.0014,0.9210,0.6220,109.4700,0.4340,0.6860,1.9596,0.0066,5.8412,0.0112,3.6386,0.0364,0.0356,0.0408,1.5192,0.0268,1.1244,0.0514,0.0374,0.0106,0.0360,0.0080,0.0272,0.0002,0.0132,0.0156,0.0482,0.0008,0.0472,0.0172,0.0544,0.0232,0.0156,0.0072,0.0164
2026-05-13T18:01:18.496357,134.7480,145.0580,52.2080,229.2120,230.0560,230.8640,0.5856,0.5742,0.5918,50.0018,0.9315,0.3420,123.6460,9.4560,1.1712,5.7732,0.2924,9.0120,0.0168,5.7548,0.0298,0.8336,0.0230,2.2962,0.0268,1.7726,0.0664,0.0624,0.0082,0.0416,0.0088,0.0184,0.0002,0.0036,0.0044,0.0510,0.0008,0.0604,0.0102,0.0338,0.0224,0.0102,0.0110,0.0248
2026-05-13T18:01:19.497478,156.8300,167.6100,57.2500,229.1080,229.5140,229.8120,0.6816,0.6682,0.6888,50.0116,0.9367,0.3600,137.2140,18.5380,1.6382,9.5686,0.5712,12.1408,0.0056,7.7442,0.0298,1.6732,0.0222,3.1312,0.0252,2.4644,0.0594,0.0660,0.0082,0.0274,0.0086,0.0386,0.0010,0.0072,0.0310,0.0336,0.0008,0.0636,0.0120,0.0198,0.0310,0.0102,0.0122,0.0140
2026-05-13T18:01:20.512322,180.9200,195.8560,72.6480,229.1260,229.6600,229.3860,0.7864,0.7710,0.7946,50.0084,0.9245,0.4600,151.2680,27.2800,2.1094,13.4846,0.8464,15.3358,0.0058,9.7758,0.0182,2.4554,0.0174,3.8896,0.0264,3.1462,0.0598,0.0588,0.0090,0.0156,0.0008,0.0284,0.0010,0.0154,0.0328,0.0308,0.0000,0.0580,0.0120,0.0342,0.0252,0.0122,0.0050,0.0150
2026-05-13T18:01:21.526265,174.7620,188.7680,69.1400,229.0860,229.4940,229.4780,0.7596,0.7448,0.7676,50.0110,0.9245,0.6000,136.4880,36.4720,2.4316,16.8364,1.1322,16.9770,0.0212,10.9176,0.0182,3.2592,0.0174,4.3326,0.0186,3.4706,0.0454,0.0588,0.0008,0.0108,0.0008,0.0356,0.0010,0.0138,0.0320,0.0184,0.0002,0.0618,0.0120,0.0354,0.0252,0.0122,0.0050,0.0150
2026-05-13T18:01:22.533644,168.1180,181.7320,66.7720,229.3620,229.8980,229.4120,0.7308,0.7164,0.7384,50.0064,0.9254,0.3460,122.5900,45.4280,2.8218,20.1018,1.4558,18.6238,0.0246,12.0360,0.0012,4.0154,0.0054,4.7450,0.0226,3.8426,0.0448,0.0462,0.0008,0.0108,0.0008,0.0406,0.0112,0.0134,0.0320,0.0040,0.0092,0.0570,0.0120,0.0236,0.0310,0.0108,0.0210,0.0126
2026-05-13T18:01:23.547281,154.6700,167.6300,62.4860,229.5040,230.3320,229.2840,0.6724,0.6592,0.6792,50.0016,0.9241,0.3460,108.7240,45.6980,2.7604,20.0000,1.4900,17.9664,0.0220,11.6576,0.0000,4.0732,0.0000,4.5874,0.0226,3.7784,0.0452,0.0130,0.0008,0.0080,0.0036,0.0330,0.0206,0.0134,0.0320,0.0040,0.0092,0.0638,0.0074,0.0306,0.0208,0.0170,0.0172,0.0010
2026-05-13T18:01:24.551441,140.3820,155.1340,64.4780,229.7140,230.6400,229.7260,0.6104,0.5984,0.6164,50.0012,0.9072,0.3280,94.5260,45.8040,2.7182,19.8888,1.5070,17.2508,0.0220,11.2770,0.0130,4.0446,0.0012,4.3852,0.0226,3.5446,0.0382,0.0052,0.0080,0.0028,0.0074,0.0170,0.0196,0.0310,0.0054,0.0040,0.0102,0.0616,0.0022,0.0306,0.0124,0.0208,0.0184,0.0010
2026-05-13T18:01:25.560507,126.4880,138.4760,54.8820,230.7120,230.2080,229.6260,0.5500,0.5392,0.5554,50.0012,0.9137,0.2140,80.3200,45.6140,2.6488,19.5662,1.5258,16.4772,0.0218,10.7954,0.0200,4.0446,0.0048,4.1828,0.0222,3.3272,0.0294,0.0090,0.0072,0.0028,0.0074,0.0168,0.0196,0.0256,0.0196,0.0094,0.0130,0.0458,0.0022,0.0314,0.0064,0.0188,0.0190,0.0084
2026-05-13T18:01:26.574854,127.7000,138.1740,51.7100,230.7700,230.9840,229.6640,0.5554,0.5442,0.5606,49.9970,0.9243,0.0740,80.0760,46.1200,2.6630,19.8114,1.4910,16.6256,0.0064,10.8570,0.0200,4.1008,0.0048,4.1690,0.0162,3.3878,0.0332,0.0142,0.0078,0.0028,0.0074,0.0096,0.0196,0.0256,0.0160,0.0094,0.0128,0.0300,0.0046,0.0222,0.0098,0.0188,0.0190,0.0194
2026-05-13T18:01:27.582230,126.9320,137.7960,52.9580,230.1820,230.8180,229.7240,0.5520,0.5410,0.5572,49.9994,0.9212,0.3860,79.1400,46.2960,2.6272,19.9070,1.4652,16.5808,0.0092,10.8968,0.0200,4.1320,0.0104,4.1384,0.0204,3.3516,0.0242,0.0142,0.0382,0.0172,0.0074,0.0074,0.0112,0.0240,0.0160,0.0094,0.0038,0.0300,0.0046,0.0222,0.0192,0.0172,0.0030,0.0194
2026-05-13T18:01:28.591043,124.6100,134.1640,47.9360,230.5780,230.2000,230.2000,0.5418,0.5310,0.5472,50.0018,0.9302,0.4700,78.8080,45.5260,2.5708,19.5832,1.4072,16.3520,0.0102,10.7170,0.0262,4.0330,0.0104,4.0214,0.0360,3.1838,0.0108,0.0172,0.0382,0.0164,0.0042,0.0098,0.0018,0.0368,0.0160,0.0076,0.0038,0.0100,0.0046,0.0152,0.0396,0.0162,0.0036,0.0228
2026-05-13T18:01:29.602549,126.6740,135.2100,46.1220,230.2040,230.1620,230.2080,0.5508,0.5398,0.5562,49.9988,0.9383,0.5260,78.9440,45.4680,2.5534,19.5076,1.4272,16.3112,0.0148,10.7980,0.0310,4.0394,0.0092,3.9986,0.0388,3.2304,0.0108,0.0222,0.0440,0.0164,0.0004,0.0056,0.0018,0.0156,0.0160,0.0134,0.0172,0.0062,0.0024,0.0152,0.0538,0.0124,0.0040,0.0250
2026-05-13T18:01:30.609424,526.1560,558.9220,187.4780,229.6280,230.1780,230.5520,2.2876,2.2418,2.3104,50.0046,0.9422,401.2860,79.2220,45.3400,2.6314,19.6558,1.4846,16.3248,0.0148,10.8774,0.0320,4.0672,0.0056,3.9506,0.0374,3.2686,0.0236,0.0348,0.0596,0.0326,0.0004,0.0056,0.0018,0.0182,0.0000,0.0210,0.0178,0.0062,0.0080,0.0006,0.0538,0.0124,0.0108,0.0212
2026-05-13T18:01:31.621448,937.9340,1029.3920,415.3700,229.1880,229.6980,230.0840,4.0778,3.9964,4.1186,50.0048,0.9331,798.8300,93.9520,44.8060,2.8754,19.8366,1.5906,17.0958,0.0148,11.3274,0.0386,4.0198,0.0056,4.0986,0.0344,3.4104,0.0148,0.0296,0.0590,0.0360,0.0004,0.0100,0.0018,0.0306,0.0000,0.0210,0.0178,0.0078,0.0076,0.0006,0.0504,0.0138,0.0108,0.0102
2026-05-13T18:01:32.632952,950.8320,1044.8880,424.8200,229.7920,229.6400,229.9840,4.1338,4.0514,4.1754,49.9998,0.9244,798.7720,107.9180,44.6620,2.9976,19.9712,1.5806,17.8162,0.0086,11.7608,0.0386,4.0010,0.0072,4.3186,0.0240,3.5738,0.0148,0.0396,0.0286,0.0216,0.0004,0.0068,0.0098,0.0486,0.0000,0.0310,0.0178,0.0228,0.0164,0.0006,0.0376,0.0164,0.0108,0.0102
2026-05-13T18:01:33.633750,966.5460,1065.9640,442.2540,230.1360,229.8300,229.6460,4.2022,4.1184,4.2444,50.0076,0.9024,798.7960,122.1720,45.0640,3.1090,20.3800,1.5662,18.7174,0.0056,12.3212,0.0338,4.0402,0.0072,4.5976,0.0300,3.7566,0.0166,0.0366,0.0288,0.0518,0.0000,0.0044,0.0098,0.0358,0.0036,0.0288,0.0252,0.0228,0.0192,0.0006,0.0170,0.0040,0.0148,0.0076
2026-05-13T18:01:34.644467,979.6140,1081.6940,451.3500,230.7860,230.0380,230.1940,4.2590,4.1740,4.3018,50.0076,0.8964,798.8380,135.9800,45.1560,3.2144,20.6164,1.5280,19.5396,0.0050,12.6926,0.0224,4.0396,0.0072,4.8140,0.0306,3.9108,0.0166,0.0412,0.0158,0.0518,0.0000,0.0044,0.0112,0.0374,0.0036,0.0270,0.0320,0.0194,0.0290,0.0150,0.0024,0.0076,0.0120,0.0114
2026-05-13T18:01:35.656989,592.3780,668.8300,306.9640,231.7480,229.8660,230.3700,2.5754,2.5240,2.6014,50.0052,0.9039,398.0040,151.0080,44.9600,3.2018,20.6368,1.4580,20.2254,0.0050,13.0994,0.0268,3.9754,0.0072,5.0594,0.0260,4.0704,0.0038,0.0196,0.0006,0.0356,0.0274,0.0050,0.0172,0.0320,0.0036,0.0140,0.0336,0.0324,0.0234,0.0176,0.0052,0.0260,0.0046,0.0280
2026-05-13T18:01:36.662214,181.1980,200.4140,82.5880,232.2480,229.3340,229.9880,0.7878,0.7720,0.7958,50.0098,0.9043,0.5780,136.2860,44.8660,2.8996,20.1486,1.4148,19.2660,0.0050,12.5506,0.0300,3.9808,0.0170,4.8848,0.0476,3.8368,0.0104,0.0266,0.0006,0.0434,0.0344,0.0010,0.0172,0.0196,0.0160,0.0140,0.0336,0.0280,0.0246,0.0190,0.0052,0.0246,0.0072,0.0280
2026-05-13T18:01:37.664536,182.2900,201.5240,82.8700,231.9200,229.1920,230.0180,0.7926,0.7766,0.8006,50.0196,0.9047,0.5500,137.8760,45.1340,2.8814,20.2732,1.4472,19.3666,0.0050,12.6142,0.0300,4.0178,0.0098,4.9466,0.0466,3.8698,0.0104,0.0232,0.0006,0.0588,0.0344,0.0158,0.0074,0.0112,0.0160,0.0114,0.0574,0.0130,0.0202,0.0190,0.0028,0.0228,0.0072,0.0366
2026-05-13T18:01:38.672438,168.3780,184.7800,73.3880,231.8700,229.9040,229.9760,0.7322,0.7174,0.7394,50.0158,0.9094,0.4420,123.8080,45.2360,2.7630,20.0668,1.5206,18.6432,0.0048,12.1186,0.0286,3.9952,0.0150,4.7178,0.0360,3.8386,0.0066,0.0324,0.0032,0.0328,0.0344,0.0162,0.0110,0.0112,0.0124,0.0296,0.0548,0.0130,0.0174,0.0190,0.0206,0.0346,0.0026,0.0358
2026-05-13T18:01:39.676888,168.1280,184.1600,72.5180,231.2160,229.4040,229.8300,0.7310,0.7164,0.7384,50.0224,0.9107,0.4020,124.0480,44.8640,2.7434,19.9464,1.5500,18.5482,0.0108,12.0550,0.0222,4.0028,0.0180,4.6698,0.0362,3.8118,0.0086,0.0228,0.0088,0.0328,0.0400,0.0162,0.0188,0.0096,0.0140,0.0434,0.0390,0.0250,0.0076,0.0046,0.0206,0.0348,0.0026,0.0426
2026-05-13T18:01:40.680716,168.3820,187.6220,82.6540,229.5820,229.9360,229.4680,0.7322,0.7176,0.7394,50.0232,0.8961,0.4660,122.9660,45.1340,2.7330,20.0050,1.5782,18.5904,0.0108,12.0622,0.0100,4.0464,0.0180,4.6046,0.0390,3.7942,0.0086,0.0228,0.0084,0.0484,0.0126,0.0256,0.0128,0.0176,0.0140,0.0434,0.0340,0.0120,0.0076,0.0014,0.0324,0.0214,0.0026,0.0214
2026-05-13T18:01:41.693372,165.7980,183.3740,78.1980,229.5720,230.5060,230.2840,0.7208,0.7066,0.7282,50.0250,0.9051,0.5480,122.8480,45.1320,2.7092,19.9968,1.5498,18.5868,0.0108,12.0424,0.0002,3.9936,0.0082,4.6266,0.0174,3.8474,0.0020,0.0158,0.0084,0.0372,0.0100,0.0260,0.0162,0.0256,0.0016,0.0434,0.0372,0.0120,0.0044,0.0000,0.0438,0.0350,0.0000,0.0214
2026-05-13T18:01:42.698550,151.7320,168.1720,72.3860,229.8500,230.5140,230.3040,0.6596,0.6466,0.6664,50.0128,0.9033,0.3800,107.7700,44.5900,2.5412,19.5300,1.5314,17.7416,0.0120,11.3916,0.0040,3.9586,0.0094,4.4120,0.0180,3.6610,0.0138,0.0092,0.0084,0.0218,0.0100,0.0128,0.0162,0.0228,0.0016,0.0430,0.0172,0.0248,0.0140,0.0000,0.0566,0.0480,0.0114,0.0230
2026-05-13T18:01:43.702617,165.8580,179.5540,64.2200,229.7020,230.6520,230.6140,0.7210,0.7068,0.7284,50.0136,0.9233,0.5420,121.7780,44.1860,2.6566,19.6014,1.5238,18.3668,0.0182,11.8018,0.0040,3.9060,0.0072,4.5654,0.0144,3.7298,0.0258,0.0036,0.0056,0.0156,0.0100,0.0124,0.0126,0.0228,0.0030,0.0360,0.0136,0.0306,0.0208,0.0026,0.0394,0.0480,0.0188,0.0268
2026-05-13T18:01:44.703547,165.0600,177.9940,62.2940,229.5980,230.3420,230.5520,0.7176,0.7034,0.7248,50.0058,0.9261,0.4840,121.7220,44.4460,2.6944,19.7250,1.5352,18.4320,0.0086,11.9014,0.0040,3.8786,0.0042,4.5890,0.0108,3.7106,0.0284,0.0064,0.0184,0.0156,0.0044,0.0124,0.0034,0.0228,0.0160,0.0226,0.0084,0.0186,0.0208,0.0188,0.0394,0.0452,0.0246,0.0174
2026-05-13T18:01:45.705653,165.1820,175.4740,54.6480,229.7440,230.1920,231.2760,0.7180,0.7038,0.7254,49.9994,0.9380,0.4200,121.9660,44.3140,2.7268,19.6110,1.4944,18.3758,0.0086,11.8756,0.0038,3.8808,0.0122,4.6698,0.0144,3.7184,0.0370,0.0064,0.0184,0.0000,0.0044,0.0024,0.0034,0.0228,0.0240,0.0226,0.0260,0.0298,0.0370,0.0350,0.0398,0.0446,0.0432,0.0174
2026-05-13T18:01:46.706224,166.8700,177.5880,56.0840,230.2000,230.5620,231.1560,0.7254,0.7110,0.7328,50.0022,0.9361,0.2200,121.8000,44.3700,2.7826,19.7012,1.5052,18.4202,0.0190,11.9244,0.0038,3.9304,0.0220,4.6502,0.0304,3.6960,0.0370,0.0064,0.0372,0.0000,0.0000,0.0158,0.0000,0.0216,0.0340,0.0372,0.0228,0.0352,0.0440,0.0578,0.0310,0.0422,0.0452,0.0174
2026-05-13T18:01:47.719568,167.2960,178.8300,57.9600,230.0020,230.7660,231.7540,0.7274,0.7128,0.7346,50.0110,0.9313,0.1620,122.3920,44.6820,2.8540,19.8460,1.4632,18.4452,0.0198,12.0722,0.0070,3.9028,0.0284,4.6066,0.0298,3.7508,0.0440,0.0104,0.0440,0.0042,0.0144,0.0142,0.0000,0.0312,0.0438,0.0452,0.0268,0.0224,0.0300,0.0578,0.0388,0.0284,0.0338,0.0072
2026-05-13T18:01:48.724981,539.4040,558.4520,133.7980,229.9880,229.6140,231.9220,2.3452,2.2982,2.3686,50.0072,0.9289,394.0620,108.3600,36.0600,2.4508,16.2890,1.2026,15.5406,0.0128,10.1410,0.0070,3.1820,0.0254,3.8524,0.0314,3.1070,0.0320,0.0094,0.0440,0.0042,0.0144,0.0142,0.0010,0.0354,0.0424,0.0340,0.0310,0.0166,0.0454,0.0588,0.0442,0.0276,0.0264,0.0204
2026-05-13T18:01:49.730945,922.8300,963.4920,265.0080,230.0200,229.7560,232.6040,4.0122,3.9318,4.0524,50.0106,0.9362,786.2780,108.0340,26.9500,2.1078,12.7750,0.9644,13.2130,0.0162,8.5574,0.0144,2.3850,0.0324,3.2198,0.0440,2.6322,0.0422,0.0092,0.0390,0.0042,0.0220,0.0286,0.0010,0.0354,0.0344,0.0362,0.0308,0.0242,0.0454,0.0426,0.0602,0.0390,0.0206,0.0170
2026-05-13T18:01:50.740773,1317.7020,1368.8220,356.5900,230.6160,229.4780,231.4980,5.7292,5.6144,5.7864,50.0210,0.9378,1190.4580,107.4300,18.2400,1.7812,9.4814,0.7462,10.9258,0.0162,7.0264,0.0144,1.5936,0.0244,2.6220,0.0376,2.1358,0.0654,0.0146,0.0430,0.0042,0.0220,0.0286,0.0010,0.0378,0.0264,0.0506,0.0274,0.0130,0.0292,0.0338,0.0460,0.0346,0.0020,0.0186
2026-05-13T18:01:51.755169,1322.7080,1374.9020,360.2400,230.1800,229.3240,231.6180,5.7510,5.6358,5.8084,50.0108,0.9345,1190.4580,122.4620,9.1160,1.4626,6.0626,0.4500,9.2184,0.0136,5.8628,0.0144,0.7718,0.0272,2.2124,0.0216,1.7460,0.0702,0.0186,0.0242,0.0042,0.0376,0.0144,0.0010,0.0346,0.0168,0.0360,0.0274,0.0076,0.0222,0.0110,0.0498,0.0234,0.0084,0.0326
2026-05-13T18:01:52.764045,1328.3700,1380.2020,360.7940,230.0520,229.2400,230.9240,5.7756,5.6600,5.8332,50.0090,0.9404,1190.4580,135.6840,0.0900,1.1090,2.6982,0.1984,7.5590,0.0116,4.6910,0.0098,0.0016,0.0228,1.8168,0.0216,1.3434,0.0558,0.0292,0.0194,0.0000,0.0232,0.0144,0.0150,0.0182,0.0182,0.0210,0.0196,0.0076,0.0222,0.0178,0.0292,0.0234,0.0122,0.0326
2026-05-13T18:01:53.771715,933.1720,978.9940,288.2260,230.0060,229.6800,230.2960,4.0574,3.9762,4.0978,50.0142,0.9246,796.5380,135.8040,0.0900,0.9970,2.5816,0.1558,7.4700,0.0200,4.5900,0.0098,0.0212,0.0492,1.8538,0.0242,1.3350,0.0558,0.0324,0.0194,0.0000,0.0356,0.0144,0.0140,0.0140,0.0228,0.0306,0.0142,0.0076,0.0178,0.0168,0.0318,0.0124,0.0184,0.0156
2026-05-13T18:01:54.786295,527.6880,550.1260,147.8680,230.1940,229.9620,229.7220,2.2946,2.2486,2.3172,50.0142,0.9122,404.3800,122.3980,0.0900,0.8366,2.2088,0.0756,6.5902,0.0162,4.0874,0.0024,0.0212,0.0478,1.7100,0.0116,1.1648,0.0410,0.0298,0.0238,0.0060,0.0412,0.0024,0.0140,0.0140,0.0292,0.0240,0.0142,0.0000,0.0194,0.0202,0.0178,0.0000,0.0316,0.0156
2026-05-13T18:01:55.793649,110.8160,122.4160,51.7200,230.3040,230.4760,230.4700,0.4820,0.4724,0.4866,50.0018,0.9063,0.2000,108.4740,0.0580,0.7018,1.8014,0.0262,5.7770,0.0198,3.5482,0.0060,0.0210,0.0648,1.5438,0.0224,1.0202,0.0124,0.0252,0.0234,0.0076,0.0412,0.0034,0.0140,0.0056,0.0318,0.0100,0.0016,0.0000,0.0202,0.0166,0.0170,0.0142,0.0442,0.0140
2026-05-13T18:01:56.796837,96.1780,105.5860,43.2500,229.8660,230.0380,230.2420,0.4184,0.4100,0.4222,50.0044,0.9120,0.2000,93.6500,0.0580,0.6154,1.5234,0.0296,5.0534,0.0178,3.0912,0.0078,0.0196,0.0648,1.3388,0.0266,0.9076,0.0076,0.0212,0.0234,0.0076,0.0256,0.0034,0.0140,0.0070,0.0314,0.0100,0.0016,0.0070,0.0306,0.0166,0.0106,0.0250,0.0358,0.0000
2026-05-13T18:01:57.809410,95.3300,103.7580,40.6040,230.3180,230.1540,229.7880,0.4146,0.4064,0.4186,50.0132,0.9169,0.4920,94.1060,0.3840,0.6510,1.5360,0.0178,5.0332,0.0222,3.1078,0.0070,0.0196,0.0616,1.3548,0.0266,0.9172,0.0032,0.0066,0.0262,0.0076,0.0256,0.0034,0.0030,0.0102,0.0202,0.0100,0.0074,0.0260,0.0354,0.0098,0.0106,0.0250,0.0320,0.0040
2026-05-13T18:01:58.816621,95.1960,101.8900,33.7580,230.3080,229.4280,230.2700,0.4140,0.4058,0.4180,50.0144,0.9361,0.3500,93.7800,0.6800,0.6380,1.5544,0.0076,4.9938,0.0196,3.1060,0.0070,0.0070,0.0360,1.3388,0.0150,0.9118,0.0032,0.0008,0.0456,0.0124,0.0150,0.0122,0.0030,0.0102,0.0184,0.0086,0.0140,0.0260,0.0240,0.0072,0.0056,0.0250,0.0338,0.0050
2026-05-13T18:01:59.819658,94.8280,99.6480,28.1180,230.4440,229.6720,230.3240,0.4124,0.4042,0.4164,50.0162,0.9566,0.2920,93.4300,0.7700,0.5966,1.5706,0.0076,5.0080,0.0196,3.0486,0.0248,0.0070,0.0304,1.2660,0.0150,0.9484,0.0046,0.0030,0.0474,0.0116,0.0018,0.0292,0.0030,0.0174,0.0074,0.0086,0.0140,0.0260,0.0242,0.0038,0.0206,0.0250,0.0206,0.0060
2026-05-13T18:02:00.819778,92.8500,96.7480,23.8260,230.1000,229.2960,229.8240,0.4038,0.3958,0.4076,50.0170,0.9667,0.2920,93.7980,0.7120,0.5672,1.5914,0.0038,5.0018,0.0160,3.0772,0.0218,0.0132,0.0186,1.1888,0.0186,0.9734,0.0036,0.0022,0.0438,0.0100,0.0018,0.0390,0.0046,0.0250,0.0048,0.0118,0.0182,0.0346,0.0246,0.0000,0.0206,0.0226,0.0080,0.0120
2026-05-13T18:02:01.833653,106.0520,110.2820,27.1140,230.3480,229.7580,229.4580,0.4612,0.4520,0.4656,50.0162,0.9709,0.2920,106.7800,0.9300,0.6486,1.8414,0.0046,5.6306,0.0206,3.5278,0.0214,0.0132,0.0118,1.3524,0.0144,1.1110,0.0036,0.0022,0.0520,0.0120,0.0106,0.0390,0.0046,0.0200,0.0048,0.0166,0.0182,0.0412,0.0156,0.0000,0.0252,0.0118,0.0080,0.0120
2026-05-13T18:02:02.835676,93.2100,95.7180,19.5860,229.7060,229.6200,230.6660,0.4054,0.3972,0.4092,50.0044,0.9787,0.2440,92.2600,0.9660,0.5262,1.5828,0.0262,4.8894,0.0162,3.0446,0.0270,0.0132,0.0118,1.1762,0.0304,1.0042,0.0036,0.0072,0.0472,0.0246,0.0154,0.0490,0.0104,0.0168,0.0102,0.0250,0.0124,0.0224,0.0108,0.0024,0.0252,0.0200,0.0168,0.0082
2026-05-13T18:02:03.843016,92.4380,97.1680,27.2680,229.6480,230.4380,230.3120,0.4020,0.3938,0.4058,49.9958,0.9536,0.4220,92.4960,0.6700,0.5886,1.5184,0.0310,4.8796,0.0280,3.0684,0.0270,0.0062,0.0110,1.1986,0.0404,1.0040,0.0036,0.0072,0.0352,0.0228,0.0184,0.0402,0.0344,0.0168,0.0204,0.0272,0.0058,0.0224,0.0068,0.0024,0.0300,0.0218,0.0160,0.0090
2026-05-13T18:02:04.847022,93.2920,99.5460,32.2520,229.8100,230.1080,229.9420,0.4056,0.3974,0.4096,49.9902,0.9371,0.4220,92.5460,0.5800,0.6006,1.4742,0.0406,4.9264,0.0280,3.1238,0.0092,0.0286,0.0110,1.2478,0.0470,1.0074,0.0022,0.0200,0.0170,0.0286,0.0408,0.0304,0.0566,0.0096,0.0208,0.0272,0.0058,0.0278,0.0050,0.0024,0.0130,0.0218,0.0160,0.0080
2026-05-13T18:02:05.848040,93.0200,100.5340,37.0440,230.1540,230.2440,229.9200,0.4044,0.3962,0.4084,49.9982,0.9216,0.4220,92.2340,0.5800,0.6240,1.4872,0.0434,4.9346,0.0290,3.1154,0.0158,0.0224,0.0058,1.3130,0.0472,0.9614,0.0268,0.0200,0.0170,0.0288,0.0426,0.0196,0.0568,0.0106,0.0208,0.0236,0.0042,0.0266,0.0038,0.0156,0.0132,0.0134,0.0356,0.0036
2026-05-13T18:02:06.857264,95.9860,105.0880,41.9340,230.8280,230.0660,230.4120,0.4172,0.4088,0.4214,49.9894,0.9139,0.7380,93.9540,0.4780,0.6450,1.5012,0.0392,5.0764,0.0186,3.1340,0.0144,0.0224,0.0000,1.3822,0.0584,0.9624,0.0300,0.0200,0.0140,0.0392,0.0354,0.0270,0.0568,0.0200,0.0208,0.0188,0.0086,0.0360,0.0036,0.0340,0.0086,0.0134,0.0584,0.0176
2026-05-13T18:02:07.874726,95.4720,105.1240,43.7140,231.5780,229.8120,229.2740,0.4150,0.4066,0.4192,49.9890,0.9078,0.4940,94.4260,0.1160,0.6870,1.4728,0.0176,5.0806,0.0316,3.1594,0.0208,0.0224,0.0156,1.3844,0.0424,0.9226,0.0360,0.0150,0.0140,0.0266,0.0342,0.0210,0.0480,0.0200,0.0154,0.0104,0.0086,0.0408,0.0250,0.0344,0.0086,0.0056,0.0496,0.0174
2026-05-13T18:02:08.876363,110.8580,121.7080,50.0620,231.4420,229.8840,229.2960,0.4818,0.4722,0.4868,49.9932,0.9132,0.3160,108.9080,0.1160,0.7082,1.7812,0.0212,5.8356,0.0332,3.6514,0.0208,0.0224,0.0156,1.5842,0.0324,1.0794,0.0360,0.0150,0.0066,0.0236,0.0294,0.0210,0.0346,0.0200,0.0254,0.0000,0.0086,0.0450,0.0226,0.0348,0.0048,0.0038,0.0424,0.0156
2026-05-13T18:02:09.888201,123.7300,134.9460,53.6340,230.6220,229.8880,229.0120,0.5378,0.5270,0.5432,49.9926,0.9192,0.3920,122.6940,0.1160,0.7970,2.0430,0.0132,6.5270,0.0348,4.1378,0.0208,0.0000,0.0252,1.7206,0.0258,1.1924,0.0360,0.0146,0.0074,0.0140,0.0198,0.0122,0.0124,0.0260,0.0272,0.0254,0.0086,0.0396,0.0226,0.0436,0.0048,0.0038,0.0424,0.0156
2026-05-13T18:02:10.897888,138.5640,148.6700,50.9680,230.4420,229.7700,229.0780,0.6024,0.5902,0.6084,49.9934,0.9343,0.3920,136.3100,0.1160,0.8700,2.2288,0.0100,7.2328,0.0338,4.6246,0.0136,0.0108,0.0252,1.8920,0.0210,1.3342,0.0092,0.0146,0.0074,0.0222,0.0180,0.0216,0.0146,0.0154,0.0300,0.0296,0.0288,0.0322,0.0226,0.0304,0.0046,0.0004,0.0228,0.0196
2026-05-13T18:02:11.903777,136.3280,146.3340,50.2380,230.1400,230.1580,228.7820,0.5928,0.5808,0.5986,49.9962,0.9337,0.1360,134.5580,0.0160,0.8500,2.2344,0.0102,7.1276,0.0338,4.5398,0.0136,0.0314,0.0410,1.8274,0.0204,1.3186,0.0060,0.0292,0.0022,0.0098,0.0258,0.0142,0.0186,0.0088,0.0326,0.0296,0.0330,0.0170,0.0282,0.0120,0.0278,0.0004,0.0116,0.0056
2026-05-13T18:02:12.905498,149.3720,162.2360,59.9460,229.1660,229.9700,229.4480,0.6494,0.6364,0.6558,49.9980,0.9226,0.3400,147.5680,0.5000,0.9238,2.4952,0.0102,7.8482,0.0340,4.9734,0.0088,0.0314,0.0254,1.9948,0.0208,1.4782,0.0000,0.0446,0.0052,0.0098,0.0222,0.0140,0.0186,0.0088,0.0326,0.0394,0.0388,0.0120,0.0184,0.0094,0.0278,0.0000,0.0116,0.0244
2026-05-13T18:02:13.906327,147.3140,158.3860,54.8700,228.7860,229.4200,229.3760,0.6406,0.6276,0.6468,50.0012,0.9318,0.3400,145.1440,0.5880,0.9482,2.4570,0.0018,7.7424,0.0270,4.9022,0.0088,0.0350,0.0386,1.9562,0.0208,1.4360,0.0000,0.0618,0.0052,0.0098,0.0264,0.0140,0.0080,0.0102,0.0186,0.0394,0.0414,0.0092,0.0184,0.0254,0.0232,0.0122,0.0116,0.0244
2026-05-13T18:02:14.909915,150.2600,161.4080,55.6360,229.1020,229.6500,230.1820,0.6534,0.6402,0.6598,50.0036,0.9326,0.3960,146.2340,0.7620,0.9766,2.4398,0.0002,7.7810,0.0300,4.8670,0.0144,0.0350,0.0458,2.0216,0.0452,1.4716,0.0000,0.0530,0.0060,0.0340,0.0178,0.0188,0.0196,0.0042,0.0326,0.0146,0.0476,0.0306,0.0184,0.0240,0.0272,0.0122,0.0116,0.0300
2026-05-13T18:02:15.924680,135.7520,148.0980,58.5900,228.9460,229.3380,230.3840,0.5902,0.5784,0.5962,49.9946,0.9167,0.3960,132.5540,0.7620,0.9152,2.2114,0.0002,7.0470,0.0326,4.3780,0.0210,0.0344,0.0522,1.7816,0.0354,1.3150,0.0000,0.0694,0.0086,0.0256,0.0196,0.0094,0.0166,0.0042,0.0298,0.0272,0.0232,0.0306,0.0184,0.0362,0.0388,0.0134,0.0116,0.0244
2026-05-13T18:02:16.925127,122.4440,133.1300,51.6820,228.6560,229.0200,230.3400,0.5322,0.5216,0.5378,50.0002,0.9197,0.3360,120.6880,0.7460,0.8594,2.0166,0.0016,6.4104,0.0326,3.9830,0.0332,0.0138,0.0364,1.6532,0.0248,1.2054,0.0000,0.0548,0.0156,0.0256,0.0318,0.0094,0.0284,0.0014,0.0436,0.0272,0.0146,0.0228,0.0292,0.0362,0.0162,0.0222,0.0060,0.0244
2026-05-13T18:02:17.926177,121.4620,131.7580,50.5960,228.9840,229.3960,230.6800,0.5280,0.5174,0.5334,49.9920,0.9211,0.1320,121.6880,0.2620,0.9114,2.0166,0.0016,6.4464,0.0194,4.0248,0.0244,0.0138,0.0446,1.6532,0.0244,1.2138,0.0006,0.0394,0.0126,0.0426,0.0440,0.0064,0.0284,0.0014,0.0476,0.0324,0.0120,0.0268,0.0176,0.0360,0.0358,0.0256,0.0060,0.0056
2026-05-13T18:02:18.929596,122.5420,134.5060,55.1620,229.2820,229.5200,230.5880,0.5326,0.5220,0.5382,49.9920,0.9120,0.1320,123.5900,0.1900,0.9700,2.0192,0.0016,6.5460,0.0090,4.0412,0.0244,0.0174,0.0366,1.6558,0.0260,1.2710,0.0006,0.0250,0.0148,0.0464,0.0398,0.0064,0.0424,0.0000,0.0418,0.0324,0.0246,0.0328,0.0278,0.0196,0.0358,0.0178,0.0100,0.0058
2026-05-13T18:02:19.936285,105.7240,116.9100,49.8060,229.8900,229.0320,230.0660,0.4594,0.4504,0.4644,49.9926,0.9076,0.2320,108.8480,0.0160,0.8552,1.7816,0.0016,5.7756,0.0044,3.6072,0.0188,0.0252,0.0224,1.4292,0.0214,1.1198,0.0068,0.0192,0.0118,0.0208,0.0416,0.0008,0.0398,0.0174,0.0274,0.0346,0.0184,0.0114,0.0334,0.0122,0.0392,0.0178,0.0258,0.0002
2026-05-13T18:02:20.937733,105.5220,115.4600,45.4620,230.3740,229.9580,229.9740,0.4586,0.4494,0.4634,50.0038,0.9225,0.3220,109.1640,0.1120,0.8548,1.7846,0.0016,5.7880,0.0224,3.5994,0.0122,0.0150,0.0282,1.4602,0.0214,1.1832,0.0068,0.0076,0.0092,0.0298,0.0446,0.0070,0.0388,0.0286,0.0274,0.0178,0.0184,0.0114,0.0334,0.0150,0.0276,0.0314,0.0258,0.0080
2026-05-13T18:02:21.938561,105.2320,114.5360,43.5620,230.1500,230.1780,229.7320,0.4574,0.4482,0.4622,50.0062,0.9291,0.6220,108.1040,0.1460,0.7924,1.7524,0.0000,5.7380,0.0224,3.6012,0.0000,0.0150,0.0348,1.4196,0.0214,1.1938,0.0154,0.0096,0.0022,0.0298,0.0230,0.0070,0.0292,0.0286,0.0110,0.0178,0.0392,0.0176,0.0160,0.0170,0.0358,0.0310,0.0198,0.0080
2026-05-13T18:02:22.941424,92.3060,99.5360,35.8300,230.0280,230.8700,229.1900,0.4012,0.3932,0.4056,50.0120,0.9340,0.6620,93.6100,0.4180,0.6734,1.5536,0.0024,4.9878,0.0224,3.1042,0.0000,0.0150,0.0440,1.1886,0.0224,1.0020,0.0148,0.0096,0.0022,0.0128,0.0108,0.0062,0.0422,0.0336,0.0112,0.0030,0.0454,0.0136,0.0160,0.0272,0.0196,0.0364,0.0220,0.0080
2026-05-13T18:02:23.946481,90.9180,99.0420,37.4200,230.1620,230.9800,228.9760,0.3952,0.3874,0.3994,50.0012,0.9282,0.7400,93.9560,0.4020,0.6506,1.5508,0.0024,5.0072,0.0206,3.1464,0.0012,0.0078,0.0388,1.1694,0.0208,0.9446,0.0148,0.0068,0.0000,0.0090,0.0188,0.0064,0.0282,0.0442,0.0080,0.0030,0.0400,0.0082,0.0058,0.0320,0.0260,0.0392,0.0322,0.0078
2026-05-13T18:02:24.953600,91.2320,98.8660,36.1660,229.6640,231.2600,229.4300,0.3966,0.3886,0.4008,50.0024,0.9339,0.5800,93.8520,0.4020,0.6134,1.5338,0.0228,5.0082,0.0238,3.1290,0.0012,0.0054,0.0362,1.1874,0.0010,0.9730,0.0226,0.0068,0.0066,0.0142,0.0206,0.0064,0.0202,0.0300,0.0256,0.0270,0.0400,0.0126,0.0046,0.0352,0.0406,0.0392,0.0164,0.0078
2026-05-13T18:02:25.963336,93.0660,101.3780,39.2280,229.4760,231.0780,229.8740,0.4046,0.3966,0.4088,49.9924,0.9266,0.5360,93.6500,0.6200,0.6068,1.5798,0.0228,4.9708,0.0180,3.1278,0.0012,0.0094,0.0240,1.1926,0.0010,0.9574,0.0248,0.0058,0.0084,0.0090,0.0282,0.0002,0.0274,0.0206,0.0368,0.0270,0.0400,0.0126,0.0046,0.0210,0.0406,0.0244,0.0164,0.0000
2026-05-13T18:02:26.964085,91.8360,100.9720,41.2700,229.4460,230.7600,230.2300,0.3992,0.3914,0.4034,49.9892,0.9164,0.2360,93.4820,0.5860,0.6844,1.5884,0.0248,4.9378,0.0184,3.1168,0.0012,0.0212,0.0270,1.1844,0.0010,0.9032,0.0162,0.0038,0.0168,0.0090,0.0282,0.0020,0.0212,0.0206,0.0384,0.0270,0.0246,0.0338,0.0048,0.0204,0.0336,0.0160,0.0178,0.0096
2026-05-13T18:02:27.968452,489.1400,512.5560,149.4640,230.1740,229.9520,230.0520,2.1266,2.0842,2.1480,49.9994,0.9261,396.5660,93.6260,0.3140,0.7410,1.7430,0.0720,5.0964,0.0184,3.1732,0.0012,0.0328,0.0096,1.2400,0.0006,0.9526,0.0162,0.0046,0.0390,0.0090,0.0354,0.0100,0.0118,0.0200,0.0666,0.0268,0.0152,0.0360,0.0108,0.0102,0.0360,0.0072,0.0156,0.0134
2026-05-13T18:02:28.973048,870.0580,923.9540,305.4900,230.3140,229.7820,230.1440,3.7828,3.7072,3.8208,50.0092,0.9363,789.8880,79.6840,0.3140,0.7324,1.6652,0.1476,4.4206,0.0212,2.7584,0.0018,0.0430,0.0138,1.1030,0.0006,0.8260,0.0270,0.0230,0.0390,0.0090,0.0274,0.0130,0.0154,0.0212,0.0666,0.0304,0.0054,0.0340,0.0166,0.0054,0.0380,0.0000,0.0014,0.0218
2026-05-13T18:02:29.983545,1257.5440,1350.3540,483.6020,230.2740,230.1000,230.1040,5.4676,5.3584,5.5222,50.0080,0.9299,1176.7760,79.9380,0.3820,0.9024,1.8100,0.1882,4.5052,0.0180,2.7832,0.0046,0.0442,0.0138,1.1180,0.0006,0.7904,0.0130,0.0230,0.0326,0.0056,0.0212,0.0192,0.0144,0.0180,0.0452,0.0284,0.0180,0.0296,0.0166,0.0116,0.0166,0.0000,0.0014,0.0332
2026-05-13T18:02:30.999137,1660.2800,1760.0020,559.3060,229.8180,229.5420,230.0140,7.2186,7.0744,7.2908,50.0134,0.9362,1579.7820,80.0040,0.0680,1.0336,1.9192,0.2530,4.6530,0.0122,2.9002,0.0078,0.0564,0.0138,1.1054,0.0018,0.7666,0.0108,0.0212,0.0308,0.0148,0.0102,0.0192,0.0072,0.0162,0.0340,0.0322,0.0368,0.0300,0.0166,0.0108,0.0166,0.0170,0.0136,0.0332
2026-05-13T18:02:32.011149,2060.6320,2219.3720,784.6440,230.3920,229.5660,229.9380,8.9594,8.7802,9.0488,50.0222,0.9299,1964.5080,94.4880,0.1180,1.1900,2.3056,0.3430,5.5410,0.0268,3.4008,0.0242,0.0446,0.0082,1.2872,0.0018,0.9312,0.0108,0.0212,0.0298,0.0156,0.0102,0.0174,0.0072,0.0162,0.0324,0.0322,0.0314,0.0026,0.0322,0.0094,0.0206,0.0178,0.0122,0.0252
2026-05-13T18:02:33.016544,2058.7700,2229.1820,822.1400,229.5300,229.8060,230.2900,8.9514,8.7724,9.0406,50.0122,0.9248,1950.8840,108.7320,0.3260,1.2798,2.5044,0.3472,6.2328,0.0268,3.8534,0.0242,0.0400,0.0140,1.4522,0.0178,1.0624,0.0284,0.0326,0.0076,0.0156,0.0030,0.0120,0.0036,0.0118,0.0160,0.0322,0.0314,0.0004,0.0296,0.0094,0.0258,0.0178,0.0122,0.0214
2026-05-13T18:02:34.020408,2090.0800,2239.3580,760.2340,229.4100,230.3040,230.4320,9.0876,8.9058,9.1780,50.0182,0.9344,1969.1820,121.9180,0.6020,1.3494,2.7500,0.3124,6.9834,0.0240,4.3182,0.0250,0.0298,0.0214,1.5968,0.0178,1.2222,0.0262,0.0458,0.0188,0.0156,0.0034,0.0088,0.0090,0.0000,0.0182,0.0286,0.0356,0.0070,0.0394,0.0224,0.0216,0.0178,0.0122,0.0130
2026-05-13T18:02:35.028914,2101.9540,2263.2880,790.5580,229.1420,229.8760,230.0760,9.1392,8.9564,9.2302,50.0194,0.9302,1980.8980,121.4700,0.9460,1.3640,2.8088,0.3012,6.9986,0.0282,4.3414,0.0222,0.0302,0.0218,1.5504,0.0178,1.2430,0.0262,0.0458,0.0186,0.0138,0.0018,0.0088,0.0102,0.0000,0.0340,0.0038,0.0298,0.0178,0.0350,0.0222,0.0210,0.0178,0.0142,0.0016
2026-05-13T18:02:36.029203,2082.9880,2241.2020,770.6840,229.9300,230.1720,229.6860,9.0568,8.8756,9.1470,50.0244,0.9315,1962.0580,121.5740,0.9460,1.3318,2.7890,0.2920,6.9318,0.0192,4.3074,0.0190,0.0220,0.0218,1.5982,0.0166,1.2370,0.0322,0.0442,0.0186,0.0084,0.0004,0.0092,0.0148,0.0012,0.0340,0.0080,0.0208,0.0338,0.0350,0.0222,0.0310,0.0008,0.0020,0.0072
2026-05-13T18:02:37.042243,2092.2400,2233.0340,734.5800,229.6780,229.9660,229.6700,9.0970,8.9150,9.1876,50.0194,0.9385,1971.2420,122.1580,1.1540,1.3410,2.7446,0.2562,6.9690,0.0062,4.3308,0.0026,0.0220,0.0178,1.6434,0.0248,1.2514,0.0372,0.0562,0.0112,0.0090,0.0026,0.0092,0.0320,0.0012,0.0340,0.0164,0.0456,0.0338,0.0190,0.0418,0.0252,0.0088,0.0020,0.0244
2026-05-13T18:02:38.057393,2126.0120,2295.4440,812.2180,229.8560,229.5180,229.1380,9.2438,9.0588,9.3360,50.0118,0.9286,2003.1080,122.3600,0.9460,1.4214,2.7970,0.2686,6.9650,0.0062,4.3524,0.0164,0.0162,0.0158,1.6374,0.0146,1.2648,0.0274,0.0450,0.0112,0.0090,0.0026,0.0254,0.0408,0.0192,0.0180,0.0164,0.0530,0.0338,0.0252,0.0434,0.0142,0.0218,0.0020,0.0244
2026-05-13T18:02:39.062757,2102.4020,2271.8600,809.3720,230.0680,228.9360,229.3080,9.1410,8.9582,9.2324,50.0058,0.9283,1978.3800,122.4500,0.7280,1.4620,2.7848,0.3140,7.0176,0.0062,4.3866,0.0166,0.0186,0.0138,1.6174,0.0146,1.2806,0.0234,0.0196,0.0112,0.0126,0.0022,0.0254,0.0318,0.0198,0.0158,0.0164,0.0488,0.0428,0.0096,0.0392,0.0100,0.0270,0.0152,0.0244
2026-05-13T18:02:40.078952,2084.4000,2243.3000,781.2700,230.5620,228.8980,229.3600,9.0628,8.8814,9.1534,50.0082,0.9317,1961.4680,122.5680,0.3160,1.3686,2.7686,0.3148,7.0670,0.0058,4.4302,0.0206,0.0188,0.0144,1.6622,0.0194,1.2648,0.0356,0.0254,0.0186,0.0126,0.0022,0.0192,0.0306,0.0214,0.0028,0.0238,0.0542,0.0320,0.0096,0.0412,0.0134,0.0356,0.0132,0.0244
2026-05-13T18:02:41.092340,2110.2600,2284.3580,851.6160,230.3340,228.6180,229.4720,9.1752,8.9914,9.2670,50.0048,0.9251,1973.2640,136.7020,0.5060,1.5018,3.0482,0.3128,7.8758,0.0068,4.8720,0.0206,0.0108,0.0236,1.8262,0.0250,1.4462,0.0366,0.0250,0.0292,0.0212,0.0022,0.0188,0.0330,0.0202,0.0042,0.0158,0.0444,0.0156,0.0096,0.0502,0.0034,0.0356,0.0132,0.0234
2026-05-13T18:02:42.096791,2125.6440,2311.2180,881.3280,230.1980,228.9940,229.2040,9.2420,9.0570,9.3346,50.0066,0.9214,1987.5380,136.3160,0.2480,1.4830,3.0382,0.2870,7.8530,0.0048,4.9054,0.0268,0.0194,0.0236,1.7960,0.0168,1.4902,0.0334,0.0408,0.0292,0.0262,0.0112,0.0188,0.0294,0.0458,0.0042,0.0212,0.0196,0.0220,0.0258,0.0306,0.0034,0.0268,0.0132,0.0046
2026-05-13T18:02:43.103710,2111.9380,2298.1560,879.3440,230.8000,228.6760,229.3880,9.1824,8.9986,9.2744,50.0148,0.9206,1974.7800,136.2940,0.2480,1.4396,3.0292,0.2586,7.8916,0.0198,4.9198,0.0258,0.0182,0.0198,1.7782,0.0104,1.4878,0.0302,0.0420,0.0356,0.0284,0.0234,0.0000,0.0226,0.0340,0.0306,0.0212,0.0122,0.0248,0.0162,0.0290,0.0034,0.0170,0.0150,0.0046
2026-05-13T18:02:44.104293,2139.3820,2371.9800,1010.5720,230.3460,228.8800,229.3220,9.3018,9.1156,9.3950,50.0166,0.9031,2001.5100,136.6180,0.4560,1.4692,3.0778,0.2792,7.8258,0.0198,4.9022,0.0230,0.0158,0.0102,1.8178,0.0104,1.4854,0.0314,0.0364,0.0244,0.0248,0.0234,0.0006,0.0226,0.0336,0.0322,0.0338,0.0344,0.0092,0.0224,0.0202,0.0034,0.0324,0.0018,0.0194
2026-05-13T18:02:45.105201,2147.9740,2392.5240,1039.3740,230.1520,228.8260,229.6220,9.3390,9.1522,9.4328,50.0150,0.8987,2008.9260,136.7860,0.4720,1.5030,3.0714,0.2856,7.7832,0.0354,4.8542,0.0190,0.0086,0.0092,1.7812,0.0056,1.4748,0.0192,0.0306,0.0170,0.0248,0.0332,0.0018,0.0254,0.0416,0.0294,0.0264,0.0222,0.0092,0.0312,0.0090,0.0008,0.0238,0.0018,0.0234
2026-05-13T18:02:46.107818,1751.1280,1978.1220,919.6140,230.3920,229.2460,229.3560,7.6136,7.4614,7.6900,50.0180,0.8932,1612.9180,136.4340,0.2820,1.3934,2.9298,0.2320,7.6872,0.0384,4.7566,0.0198,0.0086,0.0132,1.8070,0.0000,1.4724,0.0228,0.0306,0.0064,0.0086,0.0332,0.0018,0.0184,0.0416,0.0388,0.0264,0.0222,0.0204,0.0312,0.0128,0.0088,0.0302,0.0018,0.0188
2026-05-13T18:02:47.121591,1339.1040,1515.2080,708.5880,230.3780,228.8620,230.0840,5.8222,5.7058,5.8806,50.0132,0.8915,1204.8980,135.9880,0.4500,1.3246,2.8336,0.2016,7.5730,0.0456,4.6614,0.0274,0.0000,0.0132,1.7838,0.0076,1.4118,0.0314,0.0160,0.0324,0.0100,0.0342,0.0018,0.0050,0.0202,0.0408,0.0126,0.0438,0.0262,0.0150,0.0128,0.0228,0.0302,0.0136,0.0488
2026-05-13T18:02:48.125216,925.3900,1045.4980,485.3200,229.9840,229.7740,230.4120,4.0234,3.9430,4.0638,50.0090,0.9068,803.1260,121.6820,0.5760,1.1084,2.4126,0.1638,6.6846,0.0306,4.0858,0.0158,0.0000,0.0132,1.6124,0.0076,1.2772,0.0290,0.0138,0.0260,0.0146,0.0316,0.0018,0.0130,0.0190,0.0256,0.0126,0.0516,0.0278,0.0352,0.0128,0.0330,0.0270,0.0146,0.0488
2026-05-13T18:02:49.125249,495.6860,557.0300,252.8580,229.9700,229.3440,230.3280,2.1550,2.1120,2.1768,50.0066,0.9155,389.4600,107.6340,0.3120,0.8366,1.9440,0.0680,5.8664,0.0340,3.5320,0.0288,0.0000,0.0132,1.4068,0.0076,1.1108,0.0232,0.0132,0.0260,0.0146,0.0406,0.0030,0.0134,0.0232,0.0240,0.0052,0.0294,0.0278,0.0290,0.0128,0.0368,0.0128,0.0146,0.0340
2026-05-13T18:02:50.127501,104.3060,112.9200,42.3100,230.3780,229.5200,229.8040,0.4534,0.4444,0.4580,50.0014,0.9307,0.2800,107.3560,0.4780,0.7264,1.7676,0.0110,5.7428,0.0234,3.4630,0.0398,0.0000,0.0132,1.3738,0.0104,1.0844,0.0232,0.0294,0.0260,0.0184,0.0308,0.0018,0.0106,0.0136,0.0312,0.0076,0.0322,0.0278,0.0410,0.0226,0.0372,0.0232,0.0146,0.0402
2026-05-13T18:02:51.129706,104.2920,111.6360,38.3120,230.0640,229.3200,229.9800,0.4532,0.4444,0.4580,49.9882,0.9384,0.4220,106.6100,0.7380,0.6802,1.7324,0.0128,5.7060,0.0194,3.4836,0.0390,0.0000,0.0000,1.3284,0.0104,1.0618,0.0126,0.0294,0.0260,0.0316,0.0412,0.0022,0.0106,0.0182,0.0206,0.0082,0.0322,0.0174,0.0496,0.0202,0.0318,0.0264,0.0146,0.0402
2026-05-13T18:02:52.132017,91.7760,95.3740,24.2000,230.0500,229.5600,229.1480,0.3988,0.3910,0.4030,49.9928,0.9619,0.2580,92.5600,0.5700,0.5736,1.5266,0.0282,4.9322,0.0150,3.0144,0.0252,0.0058,0.0130,1.1868,0.0028,0.9518,0.0022,0.0516,0.0000,0.0340,0.0290,0.0052,0.0104,0.0140,0.0326,0.0118,0.0198,0.0052,0.0572,0.0202,0.0224,0.0402,0.0170,0.0168
2026-05-13T18:02:53.140412,105.6100,112.3020,35.0700,230.3840,229.1980,229.4940,0.4590,0.4500,0.4638,50.0000,0.9482,0.2760,106.7800,0.4900,0.6748,1.7926,0.0282,5.6840,0.0184,3.5166,0.0240,0.0174,0.0130,1.3804,0.0028,1.1046,0.0000,0.0516,0.0068,0.0272,0.0194,0.0240,0.0004,0.0132,0.0214,0.0118,0.0248,0.0008,0.0394,0.0300,0.0248,0.0402,0.0142,0.0192
2026-05-13T18:02:54.152310,103.6560,109.7560,32.9940,230.5740,229.8000,229.9540,0.4506,0.4416,0.4552,50.0072,0.9542,0.2420,106.4540,0.4880,0.6598,1.8384,0.0206,5.6428,0.0324,3.4966,0.0144,0.0304,0.0158,1.4590,0.0028,1.1284,0.0054,0.0516,0.0068,0.0304,0.0104,0.0244,0.0080,0.0088,0.0256,0.0186,0.0292,0.0008,0.0394,0.0340,0.0210,0.0338,0.0336,0.0244
2026-05-13T18:02:55.163078,107.2880,113.8300,35.0060,230.2180,230.0540,230.2380,0.4664,0.4570,0.4712,50.0070,0.9512,0.2420,107.1660,0.3060,0.7282,1.8622,0.0206,5.6820,0.0236,3.5628,0.0144,0.0378,0.0158,1.4640,0.0000,1.1694,0.0054,0.0424,0.0068,0.0266,0.0104,0.0296,0.0080,0.0148,0.0184,0.0284,0.0292,0.0008,0.0186,0.0350,0.0198,0.0238,0.0336,0.0316
2026-05-13T18:02:56.166821,108.7040,115.4660,36.0140,230.4140,229.9520,230.2020,0.4726,0.4630,0.4774,50.0114,0.9502,0.1000,108.4720,0.0460,0.7460,1.8970,0.0364,5.7068,0.0276,3.6506,0.0144,0.0470,0.0158,1.4476,0.0030,1.1784,0.0158,0.0426,0.0068,0.0134,0.0016,0.0292,0.0114,0.0262,0.0182,0.0324,0.0292,0.0000,0.0112,0.0260,0.0172,0.0142,0.0342,0.0316
2026-05-13T18:02:57.176154,507.9380,538.0720,176.3860,230.2600,229.5500,230.4340,2.2084,2.1642,2.2306,50.0056,0.9399,397.8460,108.8440,0.0460,0.8754,2.0240,0.0956,5.8386,0.0352,3.7134,0.0206,0.0412,0.0028,1.4806,0.0030,1.1616,0.0158,0.0072,0.0188,0.0032,0.0016,0.0292,0.0114,0.0262,0.0152,0.0288,0.0200,0.0000,0.0108,0.0260,0.0126,0.0004,0.0200,0.0250
2026-05-13T18:02:58.179066,900.7800,947.1300,292.3320,230.1060,229.2920,229.9900,3.9164,3.8380,3.9556,50.0024,0.9524,804.8460,94.5940,0.1760,0.8720,1.8912,0.1548,5.2096,0.0386,3.3086,0.0206,0.0296,0.0058,1.3000,0.0050,1.0192,0.0158,0.0072,0.0164,0.0070,0.0114,0.0104,0.0222,0.0220,0.0152,0.0288,0.0144,0.0000,0.0084,0.0298,0.0048,0.0026,0.0200,0.0396
2026-05-13T18:02:59.188507,1309.6480,1384.5820,447.9340,230.6240,228.7320,229.4900,5.6940,5.5802,5.7510,49.9876,0.9486,1208.7760,95.6580,0.2060,1.0552,2.0534,0.2366,5.3842,0.0212,3.4110,0.0204,0.0196,0.0066,1.2618,0.0218,0.9852,0.0172,0.0192,0.0164,0.0112,0.0146,0.0082,0.0196,0.0416,0.0348,0.0168,0.0100,0.0000,0.0100,0.0258,0.0086,0.0058,0.0006,0.0442
2026-05-13T18:03:00.192933,1708.5700,1817.2920,615.6600,230.3380,228.6280,229.6820,7.4284,7.2800,7.5028,49.9880,0.9441,1608.4220,95.0820,0.5380,1.1076,2.2002,0.2858,5.4800,0.0212,3.4596,0.0094,0.0172,0.0066,1.3224,0.0250,0.9594,0.0172,0.0172,0.0172,0.0112,0.0146,0.0030,0.0250,0.0356,0.0398,0.0046,0.0120,0.0000,0.0180,0.0298,0.0086,0.0054,0.0054,0.0268
2026-05-13T18:03:01.201393,1694.2000,1802.6520,612.5600,229.9820,228.6880,229.9880,7.3660,7.2188,7.4396,49.9864,0.9407,1608.5580,80.7460,0.6580,0.9984,1.9720,0.2682,4.7340,0.0294,2.9272,0.0094,0.0092,0.0178,1.1674,0.0220,0.8238,0.0122,0.0190,0.0214,0.0270,0.0134,0.0030,0.0284,0.0334,0.0398,0.0000,0.0120,0.0010,0.0168,0.0382,0.0202,0.0236,0.0048,0.0290
2026-05-13T18:03:02.205198,1295.9800,1382.1760,477.5360,230.2740,229.1060,230.0900,5.6346,5.5220,5.6910,49.9864,0.9383,1210.8120,80.4820,0.6580,0.8716,1.7992,0.1936,4.6588,0.0230,2.9060,0.0032,0.0152,0.0178,1.1274,0.0358,0.8104,0.0122,0.0328,0.0094,0.0270,0.0134,0.0032,0.0284,0.0334,0.0288,0.0138,0.0120,0.0010,0.0096,0.0388,0.0328,0.0342,0.0048,0.0290
2026-05-13T18:03:03.208540,886.6620,953.0380,348.1780,230.5740,230.2300,229.8460,3.8550,3.7780,3.8936,49.9816,0.9444,803.7580,80.1440,0.4820,0.8036,1.6876,0.1432,4.5984,0.0162,2.8316,0.0088,0.0152,0.0162,1.1224,0.0446,0.7394,0.0122,0.0350,0.0050,0.0414,0.0076,0.0248,0.0176,0.0334,0.0288,0.0138,0.0048,0.0108,0.0140,0.0328,0.0280,0.0320,0.0070,0.0120
2026-05-13T18:03:04.209856,481.1140,520.4900,197.2680,230.3380,231.3080,229.6880,2.0918,2.0500,2.1128,49.9928,0.9334,399.9380,79.6300,0.4520,0.6456,1.5166,0.0598,4.4888,0.0162,2.7692,0.0096,0.0122,0.0126,1.1004,0.0340,0.7534,0.0054,0.0230,0.0196,0.0438,0.0084,0.0248,0.0154,0.0148,0.0050,0.0252,0.0048,0.0108,0.0144,0.0328,0.0242,0.0288,0.0176,0.0044
2026-05-13T18:03:05.215879,80.5520,85.7520,28.0060,230.3200,231.0000,229.1400,0.3502,0.3432,0.3538,49.9954,0.9411,0.5560,79.0780,0.1200,0.4932,1.3278,0.0124,4.3332,0.0284,2.6660,0.0096,0.0138,0.0126,1.0580,0.0308,0.7592,0.0060,0.0290,0.0318,0.0580,0.0084,0.0248,0.0106,0.0160,0.0096,0.0298,0.0080,0.0184,0.0190,0.0180,0.0242,0.0288,0.0196,0.0044
2026-05-13T18:03:06.218088,95.1480,99.6480,26.4380,230.5000,231.1600,229.1840,0.4136,0.4054,0.4180,49.9982,0.9506,0.5120,93.8260,0.0780,0.5824,1.5714,0.0164,5.1072,0.0162,3.1676,0.0096,0.0158,0.0014,1.2602,0.0436,0.9032,0.0006,0.0270,0.0352,0.0468,0.0080,0.0282,0.0038,0.0022,0.0098,0.0300,0.0176,0.0174,0.0626,0.0196,0.0138,0.0198,0.0288,0.0022
2026-05-13T18:03:07.224244,108.3480,112.1380,25.2840,230.2280,230.8540,229.5600,0.4710,0.4616,0.4760,50.0092,0.9607,0.5320,107.6680,0.1160,0.7172,1.8176,0.0312,5.8398,0.0242,3.5894,0.0176,0.0172,0.0014,1.4138,0.0298,1.0050,0.0090,0.0132,0.0374,0.0468,0.0080,0.0300,0.0096,0.0084,0.0098,0.0252,0.0356,0.0174,0.0626,0.0310,0.0012,0.0234,0.0288,0.0088
2026-05-13T18:03:08.226825,108.4200,113.4360,29.4720,229.6780,229.9720,229.6300,0.4712,0.4620,0.4764,50.0134,0.9463,0.9760,108.1700,0.1160,0.6950,1.7852,0.0224,5.7680,0.0310,3.6332,0.0148,0.0172,0.0000,1.4118,0.0254,1.0432,0.0098,0.0284,0.0374,0.0328,0.0040,0.0092,0.0110,0.0148,0.0320,0.0252,0.0396,0.0142,0.0810,0.0288,0.0050,0.0234,0.0458,0.0088
2026-05-13T18:03:09.232824,117.3720,122.8900,32.7200,229.4880,229.3980,229.8760,0.5102,0.5002,0.5156,50.0120,0.9508,1.2640,107.6160,8.9200,1.0798,5.3074,0.3250,8.0754,0.0310,5.1518,0.0108,0.8372,0.0000,2.0122,0.0222,1.5388,0.0216,0.0358,0.0228,0.0254,0.0018,0.0092,0.0078,0.0138,0.0424,0.0138,0.0396,0.0266,0.0790,0.0288,0.0190,0.0266,0.0430,0.0114
2026-05-13T18:03:10.235830,126.0480,131.0780,30.9060,229.8000,229.4180,230.1460,0.5480,0.5372,0.5536,50.0112,0.9573,1.0000,107.9500,17.8740,1.5456,8.9450,0.6240,10.4886,0.0188,6.7532,0.0108,1.6182,0.0086,2.6876,0.0470,2.0140,0.0210,0.0334,0.0098,0.0112,0.0032,0.0206,0.0098,0.0188,0.0328,0.0092,0.0316,0.0262,0.0664,0.0288,0.0250,0.0266,0.0414,0.0292
2026-05-13T18:03:11.244080,118.3740,125.3440,37.1340,229.5440,229.3040,229.4480,0.5146,0.5044,0.5198,50.0122,0.9418,0.9800,93.3180,26.3260,1.8024,12.1318,0.8900,12.0338,0.0220,7.8140,0.0108,2.3244,0.0136,3.0550,0.0448,2.2970,0.0210,0.0374,0.0022,0.0066,0.0064,0.0268,0.0224,0.0268,0.0340,0.0090,0.0276,0.0262,0.0228,0.0174,0.0336,0.0186,0.0462,0.0418
2026-05-13T18:03:12.254791,545.0400,561.4160,127.3160,229.5660,229.6240,229.5000,2.3696,2.3224,2.3934,50.0036,0.9404,417.4500,93.6580,35.8780,2.2758,16.1122,1.2998,14.6906,0.0100,9.6364,0.0100,3.2238,0.0136,3.7024,0.0448,2.8224,0.0192,0.0374,0.0020,0.0066,0.0138,0.0424,0.0166,0.0256,0.0428,0.0010,0.0096,0.0262,0.0228,0.0186,0.0424,0.0044,0.0512,0.0352
2026-05-13T18:03:13.266498,982.1580,1047.6140,340.2120,230.1680,230.0900,229.5560,4.2702,4.1848,4.3128,50.0010,0.9377,830.0800,107.1620,44.6900,2.9132,20.0162,1.6054,17.9460,0.0072,11.6424,0.0176,4.0184,0.0270,4.4088,0.0384,3.4746,0.0276,0.0200,0.0020,0.0024,0.0138,0.0416,0.0152,0.0192,0.0206,0.0010,0.0078,0.0196,0.0152,0.0132,0.0386,0.0044,0.0328,0.0528
2026-05-13T18:03:14.274309,1393.1180,1478.0120,468.9600,229.6140,230.2180,229.9660,6.0570,5.9358,6.1174,49.9932,0.9474,1227.1920,120.6640,44.8620,3.1402,20.4490,1.6710,18.7460,0.0140,12.2086,0.0216,3.9784,0.0320,4.6378,0.0354,3.5828,0.0158,0.0126,0.0020,0.0164,0.0120,0.0416,0.0152,0.0192,0.0102,0.0016,0.0078,0.0072,0.0184,0.0132,0.0246,0.0012,0.0250,0.0544
2026-05-13T18:03:15.278368,1820.2600,1947.9480,667.8280,229.6760,230.3580,230.3220,7.9142,7.7558,7.9932,49.9934,0.9313,1641.1900,134.4480,44.8480,3.3898,20.8284,1.7598,19.5686,0.0140,12.7484,0.0322,3.9740,0.0270,4.7736,0.0106,3.7880,0.0158,0.0040,0.0102,0.0284,0.0106,0.0332,0.0126,0.0144,0.0102,0.0016,0.0078,0.0000,0.0372,0.0132,0.0186,0.0012,0.0198,0.0366
2026-05-13T18:03:16.278458,2212.6020,2342.5560,718.6460,229.7940,230.4260,230.8020,9.6200,9.4276,9.7162,49.9852,0.9465,2031.7300,134.0960,44.9800,3.5124,20.9812,1.8462,19.6952,0.0108,12.8354,0.0326,4.0184,0.0250,4.8208,0.0030,3.7950,0.0158,0.0164,0.0294,0.0462,0.0182,0.0236,0.0000,0.0064,0.0190,0.0016,0.0022,0.0032,0.0372,0.0132,0.0160,0.0076,0.0062,0.0240
2026-05-13T18:03:17.293436,2169.7280,2334.4900,820.6400,229.8320,229.7900,230.3200,9.4336,9.2450,9.5278,49.9810,0.9312,2006.4960,120.0520,44.1520,3.3874,20.3878,1.7568,18.6628,0.0108,12.1922,0.0368,3.8882,0.0416,4.6224,0.0030,3.6634,0.0124,0.0206,0.0316,0.0544,0.0108,0.0046,0.0024,0.0032,0.0196,0.0006,0.0026,0.0032,0.0388,0.0000,0.0072,0.0076,0.0146,0.0296
2026-05-13T18:03:18.299766,2156.4200,2318.1680,810.6540,229.3640,229.6620,230.6680,9.3756,9.1884,9.4694,49.9852,0.9318,2006.1160,106.5020,44.3020,3.2374,20.2460,1.8412,17.8844,0.0170,11.7946,0.0274,3.8642,0.0282,4.4922,0.0192,3.5298,0.0032,0.0206,0.0316,0.0546,0.0148,0.0046,0.0024,0.0032,0.0268,0.0006,0.0004,0.0032,0.0300,0.0000,0.0072,0.0076,0.0138,0.0182
2026-05-13T18:03:19.305998,2141.1840,2337.6840,896.0460,229.6720,229.5920,230.1500,9.3092,9.1234,9.4026,49.9804,0.9177,2005.4100,93.2460,44.1920,3.1224,19.9586,1.7970,17.2392,0.0102,11.2844,0.0370,3.8908,0.0234,4.2726,0.0192,3.4220,0.0154,0.0206,0.0316,0.0420,0.0148,0.0046,0.0024,0.0032,0.0300,0.0000,0.0110,0.0032,0.0268,0.0000,0.0072,0.0076,0.0138,0.0118
2026-05-13T18:03:20.320758,2105.7920,2319.2340,925.6480,229.2520,229.5600,229.9400,9.1552,8.9726,9.2472,49.9778,0.9099,1984.5500,79.7060,44.2860,2.9992,19.7620,1.7640,16.5698,0.0154,10.8442,0.0264,3.8794,0.0256,4.1234,0.0192,3.2568,0.0154,0.0206,0.0234,0.0412,0.0322,0.0018,0.0024,0.0028,0.0422,0.0000,0.0146,0.0066,0.0080,0.0000,0.0072,0.0076,0.0202,0.0192
2026-05-13T18:03:21.327055,2129.4060,2341.6580,918.3400,229.4320,229.4380,230.1380,9.2580,9.0732,9.3508,49.9844,0.9105,2007.1620,80.2580,44.2360,3.1052,19.7820,1.7150,16.5548,0.0168,10.8308,0.0260,3.9102,0.0226,4.1240,0.0164,3.3062,0.0158,0.0042,0.0042,0.0234,0.0254,0.0018,0.0048,0.0028,0.0320,0.0000,0.0146,0.0034,0.0080,0.0000,0.0000,0.0000,0.0198,0.0314
2026-05-13T18:03:22.330920,2130.7920,2311.9820,828.1160,229.3260,229.9020,230.3540,9.2640,9.0790,9.3570,49.9908,0.9237,2007.3580,80.2420,44.4960,3.1038,19.8902,1.7428,16.6370,0.0232,10.8566,0.0146,3.9614,0.0086,4.0812,0.0164,3.3028,0.0126,0.0000,0.0030,0.0152,0.0340,0.0002,0.0024,0.0010,0.0226,0.0054,0.0308,0.0046,0.0100,0.0000,0.0000,0.0020,0.0064,0.0272
2026-05-13T18:03:23.331769,2107.0860,2280.8980,805.3580,229.3240,229.8340,230.3560,9.1610,8.9778,9.2528,49.9922,0.9256,1986.0260,80.2400,44.5400,3.1302,19.9038,1.6912,16.6988,0.0210,10.9012,0.0348,3.9836,0.0086,4.1592,0.0120,3.2644,0.0278,0.0032,0.0034,0.0150,0.0420,0.0002,0.0024,0.0160,0.0154,0.0054,0.0530,0.0070,0.0106,0.0000,0.0038,0.0156,0.0126,0.0210
2026-05-13T18:03:24.342394,2121.9080,2302.6700,823.5960,229.0740,230.0740,230.2280,9.2256,9.0410,9.3178,50.0080,0.9238,1997.7760,80.9120,45.1360,3.1556,20.2250,1.7354,16.8772,0.0210,11.0814,0.0212,4.0308,0.0174,4.1754,0.0120,3.3240,0.0156,0.0032,0.0142,0.0226,0.0420,0.0002,0.0096,0.0212,0.0280,0.0146,0.0516,0.0070,0.0106,0.0000,0.0056,0.0182,0.0284,0.0418
2026-05-13T18:03:25.342416,2153.2360,2311.4600,779.0300,229.1280,229.8760,230.0260,9.3618,9.1746,9.4554,50.0130,0.9336,2013.8620,94.9700,44.9200,3.1848,20.3816,1.7506,17.5648,0.0180,11.5170,0.0246,4.0510,0.0330,4.2740,0.0324,3.4368,0.0156,0.0032,0.0142,0.0292,0.0246,0.0000,0.0234,0.0240,0.0306,0.0146,0.0654,0.0036,0.0348,0.0000,0.0180,0.0182,0.0274,0.0344
2026-05-13T18:03:26.346884,2155.6860,2361.4100,942.9480,228.8940,229.7440,229.7340,9.3724,9.1850,9.4662,50.0126,0.9145,2002.4060,108.6160,44.7840,3.1760,20.5822,1.7728,18.2774,0.0238,11.9348,0.0246,4.0116,0.0334,4.4756,0.0322,3.5416,0.0154,0.0096,0.0142,0.0292,0.0286,0.0080,0.0210,0.0286,0.0324,0.0214,0.0654,0.0138,0.0348,0.0000,0.0180,0.0270,0.0380,0.0354
2026-05-13T18:03:27.347397,2171.3420,2422.6960,1069.3400,229.1000,229.6940,229.1340,9.4406,9.2518,9.5348,50.0080,0.8966,2015.3720,108.9840,44.6360,3.1714,20.5670,1.7364,18.2750,0.0196,11.9746,0.0282,3.9976,0.0354,4.4958,0.0338,3.5712,0.0154,0.0170,0.0152,0.0292,0.0376,0.0100,0.0286,0.0286,0.0324,0.0268,0.0488,0.0126,0.0354,0.0152,0.0212,0.0278,0.0380,0.0364
2026-05-13T18:03:28.353410,2189.4320,2451.7600,1098.9920,229.0840,229.6120,228.7980,9.5192,9.3290,9.6144,50.0018,0.8931,2030.0680,109.0160,44.7260,3.1550,20.5824,1.7340,18.3022,0.0116,11.9610,0.0070,4.0088,0.0354,4.4526,0.0244,3.5542,0.0088,0.0138,0.0148,0.0354,0.0256,0.0154,0.0366,0.0136,0.0496,0.0332,0.0398,0.0194,0.0330,0.0360,0.0236,0.0184,0.0318,0.0392
2026-05-13T18:03:29.366189,2190.3960,2452.3080,1098.3940,229.2440,230.3260,228.5040,9.5234,9.3332,9.6188,49.9956,0.8933,2017.8000,124.1940,44.2340,3.2600,20.5760,1.7030,18.8934,0.0116,12.3938,0.0070,3.9618,0.0264,4.5992,0.0306,3.6928,0.0156,0.0168,0.0088,0.0278,0.0350,0.0308,0.0294,0.0084,0.0338,0.0374,0.0394,0.0194,0.0330,0.0408,0.0266,0.0158,0.0190,0.0184
2026-05-13T18:03:30.381574,2163.7900,2406.2520,1035.8160,229.5920,230.2700,229.0760,9.4078,9.2198,9.5020,50.0028,0.9006,2000.0780,124.0020,35.5040,2.8130,17.0460,1.3654,16.5890,0.0094,10.7284,0.0036,3.1698,0.0108,4.0120,0.0102,3.2108,0.0296,0.0180,0.0180,0.0184,0.0350,0.0442,0.0156,0.0046,0.0302,0.0374,0.0220,0.0194,0.0088,0.0476,0.0270,0.0160,0.0136,0.0206
2026-05-13T18:03:31.392090,2154.1640,2351.1320,885.8800,230.0040,230.6520,228.8540,9.3660,9.1788,9.4598,50.0002,0.9188,1999.0140,124.5180,27.0400,2.4502,13.6246,1.0964,14.3416,0.0022,9.2502,0.0042,2.4362,0.0104,3.3614,0.0102,2.7720,0.0326,0.0118,0.0220,0.0188,0.0312,0.0362,0.0278,0.0000,0.0284,0.0306,0.0220,0.0092,0.0088,0.0492,0.0288,0.0072,0.0030,0.0084
2026-05-13T18:03:32.406723,2140.0920,2311.6760,823.6820,230.3400,230.5860,229.2760,9.3048,9.1188,9.3980,49.9972,0.9279,1993.9160,124.0740,18.1660,2.0662,10.0280,0.8346,11.9584,0.0070,7.6002,0.0006,1.6224,0.0132,2.7530,0.0130,2.2198,0.0326,0.0116,0.0180,0.0188,0.0136,0.0402,0.0262,0.0000,0.0284,0.0198,0.0220,0.0092,0.0212,0.0348,0.0256,0.0228,0.0050,0.0060
2026-05-13T18:03:33.421666,2115.0840,2274.1180,788.6920,230.0240,230.7220,229.5900,9.1962,9.0122,9.2882,49.9986,0.9318,1981.1160,123.7160,9.1940,1.6954,6.4310,0.5432,9.5230,0.0114,5.9500,0.0006,0.8184,0.0132,2.0912,0.0106,1.7376,0.0344,0.0178,0.0180,0.0276,0.0136,0.0390,0.0182,0.0000,0.0112,0.0136,0.0088,0.0028,0.0248,0.0140,0.0194,0.0186,0.0174,0.0032
2026-05-13T18:03:34.424563,2092.6640,2245.0560,769.1480,230.5800,229.9400,229.9820,9.0986,8.9166,9.1896,49.9980,0.9330,1983.1680,108.2160,0.4040,1.2022,2.5454,0.2736,6.3686,0.0114,3.8400,0.0006,0.0116,0.0132,1.3098,0.0074,1.0470,0.0296,0.0152,0.0170,0.0258,0.0042,0.0236,0.0224,0.0016,0.0112,0.0092,0.0002,0.0114,0.0248,0.0092,0.0170,0.0298,0.0146,0.0038
2026-05-13T18:03:35.425224,2089.1640,2228.6600,709.9120,230.8480,230.6460,229.6180,9.0834,8.9016,9.1742,49.9920,0.9388,1993.7480,94.2820,0.3160,1.1578,2.3390,0.3114,5.5848,0.0114,3.5366,0.0066,0.0116,0.0074,1.1262,0.0112,0.9412,0.0156,0.0218,0.0128,0.0174,0.0042,0.0102,0.0284,0.0036,0.0064,0.0092,0.0114,0.0244,0.0286,0.0142,0.0118,0.0372,0.0184,0.0112
2026-05-13T18:03:36.432384,2088.7280,2276.1280,862.8360,230.3840,230.7780,230.2820,9.0814,8.8998,9.1722,49.9952,0.9193,1994.1880,93.3940,0.3040,1.1558,2.3704,0.3080,5.6008,0.0206,3.4620,0.0124,0.0000,0.0074,1.1316,0.0162,0.9140,0.0124,0.0216,0.0128,0.0346,0.0000,0.0150,0.0300,0.0198,0.0204,0.0092,0.0198,0.0244,0.0338,0.0126,0.0174,0.0466,0.0184,0.0102
2026-05-13T18:03:37.436935,2103.5860,2286.2100,852.5580,230.1060,230.8880,230.2500,9.1460,8.9630,9.2376,50.0052,0.9217,1995.6680,107.4200,0.3040,1.2382,2.6226,0.3390,6.4186,0.0148,3.9548,0.0124,0.0000,0.0076,1.3370,0.0118,1.1028,0.0238,0.0256,0.0128,0.0346,0.0046,0.0212,0.0240,0.0308,0.0204,0.0194,0.0286,0.0244,0.0172,0.0248,0.0174,0.0282,0.0180,0.0170
2026-05-13T18:03:38.437822,2099.6680,2274.4580,831.5700,230.2960,230.6680,230.2160,9.1290,8.9464,9.2204,50.0084,0.9248,1991.2460,107.2160,0.1800,1.2344,2.6086,0.3158,6.4326,0.0128,4.0012,0.0272,0.0030,0.0124,1.3618,0.0124,1.0912,0.0134,0.0194,0.0326,0.0196,0.0046,0.0170,0.0282,0.0308,0.0234,0.0192,0.0376,0.0294,0.0094,0.0258,0.0174,0.0282,0.0056,0.0176
2026-05-13T18:03:39.447723,2108.2540,2234.1040,689.1940,230.0400,230.2880,230.3740,9.1664,8.9830,9.2582,50.0050,0.9453,1986.2680,120.4860,0.0000,1.3094,2.9384,0.3064,7.1798,0.0218,4.3924,0.0272,0.0136,0.0124,1.5374,0.0234,1.2610,0.0114,0.0212,0.0364,0.0230,0.0096,0.0224,0.0240,0.0292,0.0234,0.0112,0.0374,0.0208,0.0094,0.0270,0.0150,0.0248,0.0096,0.0342
2026-05-13T18:03:40.454260,1719.7100,1844.8400,640.7140,229.9540,229.8740,230.3920,7.4770,7.3276,7.5520,50.0082,0.9221,1584.1860,134.4580,0.0000,1.3318,2.9516,0.2384,7.7906,0.0560,4.7134,0.0228,0.0152,0.0124,1.7626,0.0202,1.3396,0.0206,0.0134,0.0314,0.0230,0.0190,0.0224,0.0180,0.0272,0.0320,0.0270,0.0272,0.0148,0.0056,0.0152,0.0158,0.0172,0.0058,0.0344
2026-05-13T18:03:41.468975,1318.8780,1390.9660,423.0780,230.2420,229.7360,230.0960,5.7344,5.6196,5.7918,50.0086,0.9429,1183.0420,134.7220,0.0560,1.2032,2.7520,0.1812,7.6146,0.0614,4.7114,0.0164,0.0152,0.0124,1.7536,0.0174,1.3524,0.0206,0.0184,0.0324,0.0054,0.0190,0.0198,0.0120,0.0166,0.0290,0.0378,0.0256,0.0258,0.0038,0.0152,0.0084,0.0078,0.0186,0.0344
2026-05-13T18:03:42.471474,903.6820,948.5000,269.9060,230.5020,229.7100,230.1400,3.9292,3.8506,3.9684,50.0114,0.9356,782.2420,120.7220,0.0560,1.0096,2.3772,0.0982,6.6998,0.0736,4.1594,0.0306,0.0152,0.0048,1.5938,0.0302,1.2308,0.0098,0.0072,0.0370,0.0054,0.0144,0.0076,0.0120,0.0056,0.0374,0.0344,0.0168,0.0258,0.0076,0.0022,0.0218,0.0166,0.0320,0.0302
2026-05-13T18:03:43.483330,514.7520,531.0040,117.7640,230.3360,229.8260,230.2680,2.2382,2.1934,2.2604,50.0060,0.9254,393.6360,120.9640,0.0560,0.8828,2.1770,0.0924,6.5676,0.0712,4.0988,0.0158,0.0122,0.0088,1.5784,0.0296,1.2546,0.0240,0.0072,0.0172,0.0104,0.0204,0.0078,0.0078,0.0154,0.0344,0.0394,0.0078,0.0238,0.0072,0.0078,0.0330,0.0178,0.0320,0.0296
2026-05-13T18:03:44.484325,108.9660,117.3840,36.4140,230.5420,230.4060,230.5300,0.4738,0.4644,0.4784,50.0024,0.9290,0.2760,107.5760,0.0560,0.7058,1.7402,0.0324,5.6988,0.0622,3.6940,0.0300,0.0116,0.0098,1.4020,0.0156,1.1184,0.0240,0.0074,0.0102,0.0230,0.0154,0.0096,0.0124,0.0154,0.0344,0.0544,0.0078,0.0330,0.0072,0.0066,0.0378,0.0104,0.0318,0.0124
2026-05-13T18:03:45.488068,96.8060,101.7900,25.4740,230.7000,230.5800,230.2540,0.4210,0.4126,0.4250,49.9952,0.9451,0.4420,93.8540,0.0560,0.6126,1.5404,0.0344,4.9798,0.0280,3.2326,0.0408,0.0314,0.0098,1.2036,0.0272,0.9882,0.0148,0.0074,0.0102,0.0318,0.0060,0.0096,0.0124,0.0204,0.0194,0.0386,0.0132,0.0260,0.0072,0.0128,0.0294,0.0150,0.0318,0.0026
2026-05-13T18:03:46.492298,82.6300,87.6180,24.6560,230.4500,229.8780,230.3660,0.3592,0.3522,0.3628,49.9952,0.9441,0.7780,80.1060,0.0000,0.5500,1.2932,0.0442,4.2060,0.0206,2.7304,0.0442,0.0446,0.0098,1.0302,0.0250,0.8496,0.0148,0.0024,0.0062,0.0388,0.0166,0.0248,0.0046,0.0148,0.0084,0.0384,0.0188,0.0150,0.0066,0.0128,0.0294,0.0150,0.0190,0.0052
2026-05-13T18:03:47.494556,83.4720,88.0580,23.8520,230.2220,229.5940,230.4300,0.3628,0.3558,0.3666,49.9894,0.9490,1.2820,80.2280,0.0000,0.5688,1.2630,0.0348,4.2230,0.0072,2.7930,0.0338,0.0588,0.0098,1.0144,0.0172,0.8000,0.0142,0.0024,0.0104,0.0474,0.0166,0.0284,0.0072,0.0266,0.0000,0.0328,0.0188,0.0318,0.0114,0.0128,0.0218,0.0062,0.0040,0.0026
2026-05-13T18:03:48.503036,83.0600,87.0880,22.5200,230.8860,229.8880,230.4140,0.3610,0.3540,0.3648,49.9902,0.9542,1.3180,80.3700,0.0000,0.5966,1.3028,0.0192,4.2188,0.0072,2.7574,0.0338,0.0696,0.0020,1.0582,0.0172,0.8028,0.0066,0.0024,0.0116,0.0424,0.0106,0.0282,0.0196,0.0240,0.0062,0.0278,0.0304,0.0260,0.0114,0.0062,0.0182,0.0072,0.0132,0.0026
2026-05-13T18:03:49.514715,81.2940,86.3540,27.7800,230.4180,229.6940,230.0580,0.3534,0.3464,0.3570,50.0026,0.9415,1.4360,80.7600,0.4560,0.6086,1.3164,0.0250,4.2346,0.0072,2.7256,0.0270,0.0596,0.0010,1.0652,0.0326,0.7758,0.0124,0.0030,0.0152,0.0244,0.0106,0.0230,0.0150,0.0240,0.0062,0.0118,0.0344,0.0284,0.0254,0.0062,0.0286,0.0070,0.0092,0.0108
2026-05-13T18:03:50.519025,79.8380,84.1740,24.3420,230.5900,229.6280,230.1520,0.3470,0.3400,0.3506,50.0032,0.9493,1.2700,80.4940,0.5140,0.5950,1.3146,0.0190,4.2014,0.0072,2.6944,0.0146,0.0402,0.0010,1.0896,0.0204,0.7900,0.0154,0.0044,0.0152,0.0162,0.0106,0.0252,0.0270,0.0204,0.0062,0.0118,0.0344,0.0438,0.0254,0.0136,0.0376,0.0024,0.0092,0.0108
2026-05-13T18:03:51.519418,80.6920,86.2580,29.1020,230.4700,229.6040,230.0460,0.3508,0.3436,0.3544,50.0008,0.9366,0.9340,80.3680,0.6760,0.6232,1.3064,0.0092,4.2372,0.0000,2.7380,0.0112,0.0270,0.0104,1.0676,0.0356,0.7846,0.0282,0.0044,0.0142,0.0092,0.0000,0.0078,0.0270,0.0204,0.0062,0.0012,0.0310,0.0438,0.0226,0.0136,0.0384,0.0072,0.0092,0.0082
2026-05-13T18:03:52.525166,94.3680,100.0220,31.7280,230.9560,229.9740,230.2000,0.4104,0.4018,0.4144,49.9972,0.9426,0.4680,93.2620,0.7240,0.6904,1.5708,0.0058,4.9088,0.0114,3.0464,0.0074,0.0270,0.0104,1.2346,0.0306,0.9066,0.0282,0.0166,0.0088,0.0006,0.0000,0.0042,0.0244,0.0152,0.0062,0.0000,0.0396,0.0440,0.0140,0.0376,0.0326,0.0230,0.0092,0.0150
2026-05-13T18:03:53.531449,95.4960,101.5500,32.8960,231.0140,229.4740,230.0840,0.4152,0.4066,0.4194,49.9988,0.9398,0.4420,92.6820,0.9700,0.6550,1.5892,0.0058,4.9296,0.0114,3.0376,0.0074,0.0162,0.0094,1.2144,0.0306,0.8920,0.0216,0.0166,0.0076,0.0132,0.0026,0.0236,0.0120,0.0080,0.0000,0.0068,0.0312,0.0636,0.0146,0.0432,0.0340,0.0208,0.0000,0.0150
2026-05-13T18:03:54.536501,97.5540,103.9980,34.3440,231.3660,229.5060,229.6960,0.4242,0.4154,0.4286,49.9960,0.9373,0.3240,91.8320,0.5980,0.6400,1.5826,0.0000,4.9240,0.0114,2.9688,0.0204,0.0280,0.0094,1.2030,0.0152,0.8436,0.0158,0.0138,0.0034,0.0154,0.0072,0.0324,0.0138,0.0080,0.0000,0.0106,0.0298,0.0554,0.0206,0.0488,0.0188,0.0206,0.0152,0.0162
2026-05-13T18:03:55.539378,512.4900,569.9180,248.2540,231.2560,229.9120,230.1360,2.2284,2.1834,2.2506,49.9896,0.9178,413.4520,92.7380,0.5400,0.7458,1.7446,0.0688,5.0636,0.0114,3.0124,0.0204,0.0322,0.0236,1.1966,0.0152,0.8698,0.0208,0.0124,0.0034,0.0214,0.0094,0.0322,0.0170,0.0156,0.0000,0.0220,0.0234,0.0488,0.0206,0.0352,0.0098,0.0410,0.0248,0.0162
2026-05-13T18:03:56.541960,911.7920,1020.1500,456.4340,231.7640,230.4500,230.0260,3.9644,3.8848,4.0040,49.9940,0.9102,813.7660,92.7420,0.4300,0.8382,1.8932,0.1176,5.2194,0.0134,3.0794,0.0266,0.0322,0.0160,1.2780,0.0000,0.8642,0.0080,0.0124,0.0178,0.0214,0.0094,0.0390,0.0170,0.0216,0.0000,0.0220,0.0164,0.0528,0.0384,0.0352,0.0148,0.0362,0.0248,0.0162
2026-05-13T18:03:57.556303,1301.1180,1436.8280,605.0660,231.4840,230.4720,229.4060,5.6570,5.5438,5.7136,50.0022,0.9066,1216.6360,80.3920,0.3840,0.8632,1.9122,0.1542,4.6332,0.0020,2.8092,0.0266,0.0180,0.0202,1.0898,0.0000,0.7552,0.0126,0.0002,0.0214,0.0214,0.0094,0.0398,0.0176,0.0150,0.0058,0.0220,0.0160,0.0604,0.0388,0.0112,0.0148,0.0204,0.0298,0.0246
2026-05-13T18:03:58.564831,1715.5880,1858.3240,685.4080,231.1140,231.0820,229.2620,7.4590,7.3098,7.5336,50.0022,0.9243,1617.8940,94.8380,0.1380,1.0272,2.2882,0.2102,5.4682,0.0020,3.3520,0.0322,0.0180,0.0300,1.3062,0.0010,0.9150,0.0236,0.0002,0.0348,0.0088,0.0068,0.0204,0.0252,0.0150,0.0268,0.0298,0.0128,0.0552,0.0382,0.0278,0.0202,0.0284,0.0298,0.0418
2026-05-13T18:03:59.570600,2111.7820,2305.1700,892.2040,230.5380,230.8560,229.5580,9.1816,8.9980,9.2734,49.9942,0.9172,2015.6700,94.8700,0.0540,1.1276,2.4762,0.2544,5.5298,0.0032,3.3710,0.0202,0.0062,0.0400,1.3192,0.0010,0.9792,0.0274,0.0118,0.0470,0.0108,0.0022,0.0096,0.0234,0.0150,0.0414,0.0380,0.0102,0.0550,0.0182,0.0316,0.0228,0.0284,0.0146,0.0456
2026-05-13T18:04:00.572374,2117.2600,2269.6000,770.4980,230.4980,230.0980,229.4460,9.2054,9.0214,9.2976,50.0040,0.9339,2020.9520,94.6100,0.0540,1.1794,2.4404,0.2228,5.5404,0.0032,3.3926,0.0202,0.0000,0.0258,1.3484,0.0010,0.9620,0.0292,0.0288,0.0470,0.0218,0.0036,0.0076,0.0180,0.0060,0.0414,0.0266,0.0102,0.0710,0.0250,0.0454,0.0228,0.0080,0.0076,0.0456
2026-05-13T18:04:01.582489,2120.3080,2267.4780,759.6920,230.4220,230.3040,230.2200,9.2188,9.0344,9.3110,49.9980,0.9360,2010.7880,108.5560,0.0080,1.2456,2.6836,0.2256,6.2836,0.0044,3.8658,0.0260,0.0000,0.0278,1.4940,0.0060,1.0956,0.0316,0.0288,0.0326,0.0222,0.0036,0.0008,0.0226,0.0140,0.0414,0.0266,0.0082,0.0782,0.0072,0.0502,0.0170,0.0080,0.0076,0.0456
2026-05-13T18:04:02.586292,2130.5640,2312.1080,843.0460,230.3100,229.8580,230.6360,9.2634,9.0780,9.3562,49.9960,0.9232,2006.5900,121.4640,0.0280,1.3160,2.8416,0.2700,7.0144,0.0116,4.2544,0.0356,0.0000,0.0316,1.6684,0.0060,1.2362,0.0270,0.0294,0.0296,0.0222,0.0036,0.0000,0.0232,0.0168,0.0356,0.0266,0.0142,0.0536,0.0142,0.0502,0.0170,0.0080,0.0096,0.0304
2026-05-13T18:04:03.587046,2100.6300,2278.0200,817.0900,230.4940,229.0660,231.0700,9.1334,8.9504,9.2248,50.0006,0.9249,1989.7880,107.5720,0.0280,1.2246,2.5588,0.3292,6.2346,0.0116,3.7792,0.0384,0.0000,0.0218,1.4190,0.0050,1.1078,0.0226,0.0294,0.0162,0.0222,0.0036,0.0000,0.0186,0.0358,0.0168,0.0120,0.0260,0.0392,0.0194,0.0392,0.0120,0.0000,0.0096,0.0332
2026-05-13T18:04:04.597358,2117.1440,2278.7340,783.4480,231.0160,229.2720,231.3200,9.2052,9.0208,9.2972,50.0080,0.9317,2005.0340,107.9720,0.2120,1.2032,2.4680,0.3654,6.2688,0.0104,3.8768,0.0300,0.0012,0.0118,1.4404,0.0206,1.0722,0.0188,0.0284,0.0040,0.0180,0.0088,0.0000,0.0262,0.0564,0.0044,0.0008,0.0260,0.0452,0.0194,0.0298,0.0108,0.0000,0.0096,0.0200
2026-05-13T18:04:05.598498,2099.6980,2253.2880,730.8600,230.7200,229.6580,231.3440,9.1292,8.9464,9.2204,50.0140,0.9352,1988.5380,107.8720,0.3900,1.2022,2.5166,0.3970,6.2618,0.0146,3.9456,0.0300,0.0122,0.0162,1.4012,0.0206,1.0268,0.0104,0.0252,0.0276,0.0090,0.0052,0.0028,0.0172,0.0564,0.0228,0.0158,0.0260,0.0246,0.0126,0.0290,0.0120,0.0108,0.0104,0.0212
2026-05-13T18:04:06.603351,2097.0660,2227.8960,671.1020,230.3800,229.3580,230.1840,9.1178,8.9352,9.2088,50.0228,0.9444,1998.6980,93.6720,0.5700,1.1592,2.3402,0.4238,5.4198,0.0114,3.4316,0.0180,0.0122,0.0124,1.1938,0.0156,0.8924,0.0146,0.0252,0.0276,0.0086,0.0180,0.0156,0.0126,0.0456,0.0310,0.0158,0.0382,0.0230,0.0194,0.0242,0.0120,0.0108,0.0122,0.0212
2026-05-13T18:04:07.615710,2095.6220,2199.2940,608.9600,230.5920,230.1660,230.0220,9.1116,8.9290,9.2024,50.0198,0.9545,1998.4060,93.6200,0.5480,1.1452,2.3886,0.4082,5.3662,0.0042,3.4358,0.0106,0.0122,0.0044,1.2076,0.0156,0.9268,0.0146,0.0246,0.0236,0.0086,0.0180,0.0176,0.0230,0.0428,0.0310,0.0188,0.0240,0.0258,0.0120,0.0242,0.0120,0.0178,0.0052,0.0316
2026-05-13T18:04:08.619570,2117.7500,2242.0260,695.2540,230.5940,230.2240,229.4860,9.2078,9.0234,9.2996,50.0246,0.9456,2006.4740,107.9260,0.5480,1.2712,2.6246,0.3634,6.1898,0.0042,3.8948,0.0022,0.0122,0.0090,1.4380,0.0254,1.0406,0.0126,0.0346,0.0236,0.0100,0.0210,0.0228,0.0200,0.0238,0.0288,0.0230,0.0122,0.0258,0.0130,0.0184,0.0026,0.0280,0.0052,0.0142
2026-05-13T18:04:09.621987,2123.5480,2265.0420,737.3900,230.2040,229.9540,229.5820,9.2330,9.0480,9.3252,50.0190,0.9393,1999.0780,120.2900,0.6800,1.3392,2.8566,0.3374,6.8234,0.0142,4.3054,0.0022,0.0110,0.0090,1.6028,0.0214,1.1968,0.0184,0.0238,0.0240,0.0100,0.0158,0.0228,0.0124,0.0066,0.0314,0.0284,0.0174,0.0308,0.0130,0.0226,0.0012,0.0378,0.0062,0.0194
2026-05-13T18:04:10.625529,2116.0320,2261.2800,765.1720,229.8780,229.8300,229.2800,9.2004,9.0160,9.2922,50.0106,0.9374,1991.5580,119.7220,0.6600,1.2744,2.9128,0.2968,6.7762,0.0100,4.2048,0.0022,0.0000,0.0046,1.6334,0.0418,1.2348,0.0170,0.0174,0.0004,0.0014,0.0158,0.0264,0.0116,0.0240,0.0194,0.0134,0.0266,0.0344,0.0130,0.0200,0.0000,0.0332,0.0028,0.0194
2026-05-13T18:04:11.640421,2128.5560,2309.2180,854.9160,230.0240,229.6280,230.1000,9.2548,9.0694,9.3472,50.0088,0.9241,1990.8220,133.6560,0.4740,1.3170,3.0696,0.3040,7.5826,0.0100,4.6396,0.0068,0.0048,0.0046,1.8418,0.0574,1.3800,0.0200,0.0174,0.0268,0.0014,0.0030,0.0136,0.0132,0.0262,0.0236,0.0134,0.0194,0.0248,0.0120,0.0216,0.0000,0.0332,0.0010,0.0216
2026-05-13T18:04:12.650159,1730.1660,1874.8180,676.7740,230.0160,229.2520,230.4720,7.5226,7.3720,7.5978,50.0078,0.9394,1592.4040,134.9380,0.4740,1.2824,2.8658,0.2482,7.6176,0.0156,4.6848,0.0046,0.0102,0.0206,1.8772,0.0622,1.3232,0.0200,0.0174,0.0268,0.0014,0.0030,0.0116,0.0016,0.0318,0.0322,0.0104,0.0194,0.0320,0.0126,0.0288,0.0000,0.0442,0.0122,0.0196
2026-05-13T18:04:13.655380,1336.9540,1458.0220,538.5480,229.6740,229.3700,230.4640,5.8130,5.6966,5.8710,50.0018,0.9388,1199.5940,134.1760,0.5360,1.1802,2.7326,0.2052,7.4676,0.0156,4.6250,0.0134,0.0102,0.0310,1.8608,0.0702,1.3068,0.0154,0.0074,0.0268,0.0000,0.0006,0.0064,0.0016,0.0328,0.0322,0.0062,0.0194,0.0542,0.0160,0.0234,0.0000,0.0436,0.0122,0.0176
2026-05-13T18:04:14.668664,1340.6600,1442.9300,494.1500,230.4340,229.9620,230.3980,5.8290,5.7124,5.8872,49.9982,0.9460,1203.1360,136.1400,0.6260,1.2670,2.7972,0.2362,7.5696,0.0056,4.6176,0.0134,0.0336,0.0310,1.9110,0.0586,1.3216,0.0096,0.0074,0.0362,0.0086,0.0006,0.0082,0.0016,0.0294,0.0412,0.0210,0.0142,0.0400,0.0214,0.0192,0.0258,0.0338,0.0112,0.0124
2026-05-13T18:04:15.670785,1350.2440,1487.2600,613.8680,230.8360,230.2900,230.1540,5.8706,5.7534,5.9294,50.0048,0.9312,1211.7380,136.4260,0.4680,1.2624,2.7388,0.2672,7.6158,0.0056,4.6376,0.0134,0.0336,0.0320,1.8610,0.0382,1.3224,0.0096,0.0076,0.0362,0.0128,0.0036,0.0124,0.0086,0.0120,0.0464,0.0210,0.0146,0.0322,0.0468,0.0088,0.0528,0.0538,0.0112,0.0158
2026-05-13T18:04:16.679549,1344.6760,1468.3180,583.2200,230.5540,230.9760,229.2720,5.8464,5.7296,5.9050,50.0072,0.9359,1219.8900,122.0620,0.4680,1.1440,2.5690,0.2368,6.8814,0.0056,4.2084,0.0088,0.0386,0.0320,1.6756,0.0308,1.2066,0.0026,0.0076,0.0098,0.0128,0.0136,0.0124,0.0070,0.0136,0.0340,0.0246,0.0096,0.0322,0.0516,0.0072,0.0528,0.0538,0.0112,0.0136
2026-05-13T18:04:17.686403,1737.4420,1888.5560,736.9260,230.2400,230.9420,228.4240,7.5540,7.4032,7.6296,50.0058,0.9239,1613.4560,121.3520,0.4700,1.2096,2.6666,0.2848,6.9006,0.0000,4.1852,0.0196,0.0364,0.0160,1.6228,0.0260,1.2248,0.0026,0.0076,0.0212,0.0232,0.0136,0.0124,0.0086,0.0080,0.0254,0.0270,0.0148,0.0222,0.0540,0.0022,0.0590,0.0362,0.0000,0.0052
2026-05-13T18:04:18.686495,2130.5520,2297.9860,851.5880,230.8680,230.8440,228.4220,9.2630,9.0782,9.3558,50.0076,0.9276,2006.1820,121.9460,0.5340,1.3608,2.8308,0.3388,7.0450,0.0132,4.2840,0.0122,0.0386,0.0014,1.6506,0.0094,1.2334,0.0076,0.0076,0.0212,0.0232,0.0130,0.0124,0.0176,0.0142,0.0348,0.0336,0.0214,0.0014,0.0618,0.0022,0.0590,0.0266,0.0000,0.0212
2026-05-13T18:04:19.690288,2105.2300,2263.3540,820.7540,230.3860,230.4660,228.2340,9.1530,8.9704,9.2446,50.0168,0.9306,1996.9760,107.5380,0.1280,1.2028,2.5530,0.2754,6.3322,0.0136,3.8304,0.0122,0.0152,0.0014,1.4202,0.0094,1.1104,0.0154,0.0130,0.0114,0.0216,0.0130,0.0106,0.0176,0.0314,0.0382,0.0140,0.0262,0.0014,0.0564,0.0032,0.0478,0.0266,0.0066,0.0296
2026-05-13T18:04:20.700630,1710.9860,1832.4400,646.4760,231.0200,229.8280,228.5300,7.4390,7.2904,7.5134,50.0102,0.9225,1593.9800,108.3800,8.9360,1.5212,5.8808,0.5394,8.5624,0.0234,5.4296,0.0188,0.8226,0.0004,2.0552,0.0094,1.6460,0.0290,0.0054,0.0140,0.0236,0.0116,0.0078,0.0106,0.0314,0.0314,0.0140,0.0166,0.0020,0.0386,0.0072,0.0220,0.0072,0.0080,0.0250
2026-05-13T18:04:21.711960,1312.5740,1391.3840,457.1260,231.4040,229.2220,229.4220,5.7068,5.5928,5.7638,50.0044,0.9167,1186.3700,109.1020,17.6620,1.8576,9.2162,0.7632,10.7100,0.0284,6.8910,0.0320,1.6074,0.0004,2.6730,0.0012,2.0826,0.0264,0.0214,0.0334,0.0236,0.0016,0.0078,0.0106,0.0244,0.0314,0.0104,0.0166,0.0020,0.0280,0.0154,0.0224,0.0072,0.0294,0.0250
2026-05-13T18:04:22.713105,914.4920,969.4980,316.2120,231.7360,229.5140,230.2240,3.9760,3.8966,4.0158,50.0050,0.9031,792.9120,95.1180,26.5940,2.0594,12.4158,1.0690,12.2688,0.0284,7.9506,0.0212,2.3820,0.0004,3.0852,0.0012,2.4502,0.0356,0.0456,0.0220,0.0132,0.0016,0.0090,0.0166,0.0244,0.0348,0.0080,0.0210,0.0020,0.0372,0.0200,0.0162,0.0106,0.0388,0.0434
2026-05-13T18:04:23.725064,514.9840,553.7580,200.6000,231.6020,230.1880,230.4240,2.2390,2.1942,2.2616,50.0026,0.8957,400.3440,80.5100,35.5440,2.1928,15.6188,1.2864,13.8054,0.0274,8.9482,0.0198,3.2004,0.0110,3.5108,0.0128,2.8594,0.0306,0.0474,0.0220,0.0132,0.0016,0.0090,0.0162,0.0172,0.0254,0.0058,0.0144,0.0114,0.0280,0.0200,0.0162,0.0106,0.0494,0.0268
2026-05-13T18:04:24.736503,124.4080,139.5540,62.6660,231.8340,230.2320,230.4620,0.5408,0.5300,0.5464,50.0010,0.8934,0.6140,80.6580,44.4380,2.5406,19.0050,1.5892,16.0984,0.0270,10.5548,0.0426,3.9616,0.0110,4.1240,0.0146,3.3534,0.0354,0.0420,0.0238,0.0246,0.0016,0.0170,0.0196,0.0000,0.0084,0.0270,0.0096,0.0132,0.0310,0.0256,0.0016,0.0106,0.0428,0.0184
2026-05-13T18:04:25.737558,137.0400,151.0560,62.7600,230.6760,230.2540,230.7080,0.5956,0.5838,0.6018,50.0006,0.9059,0.6140,93.3940,44.4080,2.5984,19.1952,1.5368,16.8100,0.0318,10.9462,0.0360,3.9770,0.0114,4.3182,0.0146,3.4448,0.0218,0.0440,0.0212,0.0184,0.0000,0.0092,0.0196,0.0032,0.0112,0.0390,0.0096,0.0328,0.0362,0.0216,0.0004,0.0044,0.0414,0.0184
2026-05-13T18:04:26.742921,149.8420,162.9260,63.3940,230.4820,230.9640,230.2100,0.6512,0.6384,0.6580,50.0014,0.9176,0.4980,106.8560,44.7960,2.7354,19.5882,1.5396,17.6966,0.0278,11.5298,0.0228,4.0462,0.0114,4.4908,0.0146,3.6538,0.0218,0.0332,0.0018,0.0194,0.0028,0.0186,0.0362,0.0136,0.0154,0.0512,0.0096,0.0328,0.0472,0.0366,0.0000,0.0044,0.0200,0.0184
2026-05-13T18:04:27.743241,165.2400,177.9680,66.0720,230.4820,230.7860,230.2380,0.7182,0.7040,0.7256,50.0052,0.9281,0.4460,121.9760,44.4860,2.8356,19.7722,1.4204,18.4326,0.0280,11.9786,0.0228,4.0444,0.0114,4.6766,0.0182,3.7886,0.0126,0.0140,0.0168,0.0194,0.0038,0.0298,0.0286,0.0136,0.0144,0.0512,0.0000,0.0412,0.0350,0.0298,0.0000,0.0006,0.0110,0.0000
2026-05-13T18:04:28.757502,166.1320,179.4500,67.7040,230.1760,230.3820,230.3120,0.7222,0.7078,0.7294,50.0062,0.9246,0.2880,122.3160,44.5760,2.8976,19.8570,1.4360,18.4548,0.0236,12.1078,0.0228,3.9910,0.0070,4.6740,0.0054,3.7346,0.0126,0.0158,0.0170,0.0194,0.0154,0.0298,0.0320,0.0216,0.0144,0.0478,0.0260,0.0304,0.0304,0.0368,0.0000,0.0162,0.0052,0.0000
2026-05-13T18:04:29.758017,166.2740,178.0480,61.6420,229.7360,230.4200,230.2260,0.7228,0.7084,0.7300,49.9978,0.9367,0.1760,122.5180,44.6060,2.8630,19.9566,1.3814,18.4366,0.0340,12.0950,0.0054,3.9964,0.0070,4.6112,0.0036,3.7208,0.0000,0.0162,0.0152,0.0128,0.0198,0.0288,0.0286,0.0300,0.0170,0.0252,0.0260,0.0286,0.0312,0.0370,0.0100,0.0162,0.0052,0.0086
2026-05-13T18:04:30.770420,154.0400,163.4140,51.1320,230.0060,230.8220,229.7200,0.6698,0.6564,0.6762,50.0020,0.9472,0.2400,109.2580,44.8760,2.7344,19.8990,1.4508,17.8346,0.0298,11.7034,0.0114,3.9624,0.0076,4.4300,0.0108,3.6192,0.0066,0.0180,0.0152,0.0162,0.0276,0.0288,0.0378,0.0268,0.0154,0.0270,0.0260,0.0084,0.0270,0.0370,0.0100,0.0216,0.0270,0.0086
2026-05-13T18:04:31.785347,140.4500,149.7120,48.0420,230.1400,230.7940,229.7520,0.6106,0.5986,0.6166,50.0042,0.9413,0.2860,94.8980,44.9740,2.5428,19.6514,1.5116,17.0878,0.0288,11.2038,0.0114,3.9194,0.0076,4.2272,0.0218,3.4694,0.0066,0.0128,0.0282,0.0152,0.0356,0.0248,0.0212,0.0176,0.0112,0.0246,0.0260,0.0084,0.0160,0.0138,0.0120,0.0216,0.0272,0.0086
2026-05-13T18:04:32.785647,139.0220,146.5700,42.6480,230.1420,230.1820,229.1900,0.6044,0.5924,0.6104,49.9948,0.9486,0.2300,93.0740,45.3740,2.5678,19.7620,1.6032,17.0334,0.0286,11.2266,0.0160,3.9332,0.0220,4.2658,0.0318,3.4966,0.0128,0.0392,0.0140,0.0334,0.0346,0.0190,0.0286,0.0194,0.0096,0.0246,0.0260,0.0006,0.0160,0.0206,0.0384,0.0302,0.0308,0.0100
2026-05-13T18:04:33.793419,153.1780,163.2180,51.5540,230.3360,229.9880,228.8660,0.6660,0.6528,0.6726,49.9882,0.9444,0.2320,107.4540,45.5000,2.6846,20.0312,1.5566,17.7804,0.0314,11.6792,0.0244,4.0078,0.0166,4.4628,0.0458,3.6868,0.0218,0.0356,0.0138,0.0334,0.0230,0.0336,0.0166,0.0128,0.0096,0.0308,0.0026,0.0006,0.0156,0.0136,0.0384,0.0146,0.0260,0.0174
2026-05-13T18:04:34.800416,167.3620,177.5480,53.5920,231.1640,229.3580,229.5280,0.7278,0.7132,0.7350,50.0012,0.9444,0.2040,120.8820,45.4540,2.8092,20.2670,1.5806,18.4752,0.0240,12.0894,0.0190,4.0712,0.0202,4.6800,0.0654,3.7820,0.0262,0.0352,0.0222,0.0216,0.0186,0.0282,0.0244,0.0044,0.0068,0.0308,0.0026,0.0080,0.0162,0.0162,0.0344,0.0146,0.0260,0.0146
2026-05-13T18:04:35.809311,180.0960,191.9920,62.1280,230.8140,229.0960,229.3120,0.7830,0.7674,0.7910,49.9938,0.9371,0.3720,134.5380,45.4260,2.9080,20.4688,1.5568,19.2020,0.0136,12.5544,0.0206,4.0850,0.0192,4.8292,0.0632,3.9044,0.0246,0.0314,0.0392,0.0224,0.0108,0.0362,0.0242,0.0044,0.0008,0.0170,0.0056,0.0080,0.0198,0.0208,0.0350,0.0174,0.0140,0.0146
2026-05-13T18:04:36.822364,196.0560,205.3400,53.4880,230.8820,228.8800,229.5220,0.8524,0.8354,0.8610,49.9874,0.9562,0.3380,149.5280,45.5560,3.0340,20.7384,1.5582,20.0266,0.0136,13.1612,0.0206,4.1384,0.0296,5.0380,0.0522,4.0518,0.0368,0.0314,0.0262,0.0230,0.0138,0.0308,0.0242,0.0032,0.0008,0.0124,0.0084,0.0080,0.0198,0.0208,0.0330,0.0174,0.0138,0.0146
2026-05-13T18:04:37.824002,197.1520,206.7120,54.6020,230.7540,229.2400,229.6560,0.8572,0.8402,0.8658,49.9930,0.9551,0.3380,149.4600,45.6280,3.0352,20.7684,1.5176,20.0842,0.0136,13.2166,0.0298,4.1530,0.0166,5.0250,0.0386,4.0054,0.0306,0.0000,0.0410,0.0048,0.0138,0.0372,0.0168,0.0092,0.0000,0.0158,0.0230,0.0074,0.0198,0.0208,0.0124,0.0088,0.0098,0.0176
2026-05-13T18:04:38.825919,198.6000,206.6840,51.5280,230.6260,229.6840,229.7460,0.8634,0.8464,0.8722,50.0000,0.9618,0.5400,149.2400,45.6380,2.9896,20.7372,1.5788,20.1390,0.0030,13.1654,0.0214,4.1632,0.0154,5.0214,0.0310,4.0222,0.0216,0.0114,0.0438,0.0048,0.0138,0.0444,0.0236,0.0078,0.0000,0.0086,0.0222,0.0074,0.0312,0.0208,0.0220,0.0088,0.0166,0.0216
2026-05-13T18:04:39.827506,200.8400,210.4875,57.8175,230.1125,230.2125,228.9900,0.8730,0.8560,0.8820,49.9937,0.9547,0.5600,149.4975,45.9500,2.9503,20.7890,1.6058,20.2417,0.0000,13.2517,0.0268,4.1665,0.0147,5.0500,0.0143,4.0713,0.0215,0.0142,0.0442,0.0060,0.0173,0.0535,0.0198,0.0097,0.0000,0.0107,0.0277,0.0000,0.0335,0.0143,0.0200,0.0110,0.0207,0.0197
2026-05-13T18:04:40.839153,201.9033,211.3067,55.4567,230.7600,230.5933,229.4933,0.8777,0.8607,0.8867,49.9983,0.9562,0.3600,149.2200,46.2333,3.0423,20.8783,1.6137,20.2517,0.0000,13.2790,0.0230,4.2177,0.0197,5.0803,0.0107,4.0840,0.0203,0.0190,0.0307,0.0010,0.0230,0.0580,0.0113,0.0130,0.0000,0.0143,0.0320,0.0000,0.0243,0.0113,0.0257,0.0000,0.0113,0.0263
